date,ticker,signal,current_price,dip_target,dip_pct,conviction,rsi,earnings_days,regime,validation_flags,trade_regime,regime_confidence,regime_overrode,original_signal
2026-04-23,NVDA,WAIT,199.14,0.00,0.0909,60,63.9,,,,,,,
2026-04-23,MSFT,WAIT,415.14,0.00,0.1160,60,59.2,,,,,,,
2026-04-23,GOOGL,WAIT,339.95,0.00,0.1038,60,66.9,,,,,,,
2026-04-23,META,WAIT,658.78,0.00,0.1526,60,57.6,,,,,,,
2026-04-23,AMZN,WAIT,255.19,0.00,0.1022,60,76.2,,,,,,,
2026-04-23,MA,WAIT,501.38,0.00,0.0697,60,45.1,,,,,,,
2026-04-23,WM,WAIT,231.07,0.00,0.0662,60,53.4,,,,,,,
2026-04-23,MU,WAIT,479.66,0.00,0.1590,60,65.6,,,,,,,
2026-04-23,ASML,WAIT,1413.76,0.00,0.1038,60,50.2,,,,,,,
2026-04-23,AVGO,WAIT,422.18,0.00,0.1162,60,78.7,,,,,,,
2026-04-23,CTAS,WAIT,176.65,0.00,0.0445,60,45.8,,,,,,,
2026-04-23,VST,WAIT,156.29,0.00,0.1077,60,47.9,,,,,,,
2026-04-23,CEG,WAIT,291.47,0.00,0.1092,60,49.7,,,,,,,
2026-04-24,NVDA,WAIT,208.27,194.95,0.0639,60,71.5,25,,,,,,
2026-04-24,MSFT,WAIT,424.62,394.96,0.0698,60,63.5,4,,,,,,
2026-04-24,GOOGL,WAIT,344.40,325.57,0.0547,60,69.0,4,,,,,,
2026-04-24,META,WAIT,675.03,610.17,0.0961,60,61.5,4,,,,,,
2026-04-24,AMZN,WAIT,263.99,239.01,0.0946,60,80.4,4,,,,,,
2026-04-24,MA,WAIT,504.17,482.71,0.0426,60,47.1,5,,,,,,
2026-04-24,WM,WAIT,229.53,219.31,0.0445,60,50.5,3,,,,,,
2026-04-24,MU,WAIT,496.72,422.29,0.1498,60,68.9,60,,,,,,
2026-04-24,ASML,WAIT,1457.70,1310.17,0.1012,60,54.7,81,,,,,,
2026-04-24,AVGO,WAIT,422.76,378.41,0.1049,60,77.8,39,,,,,,
2026-04-24,CTAS,WAIT,175.90,169.45,0.0367,60,44.9,82,,,,,,
2026-04-24,VST,WAIT,164.35,149.83,0.0883,60,56.6,12,,,,,,
2026-04-24,CEG,WAIT,313.53,276.60,0.1178,60,60.2,16,,,,,,
2026-04-24,LDO.MI,WAIT,57.78,50.63,0.1238,60,41.2,,,,,,,
2026-04-25,NVDA,WAIT,208.27,198.31,0.0478,60,71.5,24,,,,,,
2026-04-25,MSFT,WAIT,424.62,403.89,0.0488,60,63.5,3,,,,,,
2026-04-25,GOOGL,WAIT,344.40,331.43,0.0377,60,69.0,3,,,,,,
2026-04-25,META,WAIT,675.03,633.32,0.0618,60,61.5,3,,,,,,
2026-04-25,AMZN,WAIT,263.99,246.75,0.0653,60,80.4,3,,,,,,
2026-04-25,MA,WAIT,504.17,488.89,0.0303,60,47.1,4,,,,,,
2026-04-25,WM,WAIT,229.53,222.45,0.0309,60,50.5,2,,,,,,
2026-04-25,MU,WAIT,496.72,443.03,0.1081,60,68.9,59,,,,,,
2026-04-25,ASML,WAIT,1245.90,1156.13,0.0721,60,54.7,80,,,,,,
2026-04-25,AVGO,WAIT,422.76,390.08,0.0773,60,77.8,38,,,,,,
2026-04-25,CTAS,BUY,175.90,171.16,0.0270,60,44.9,81,,,,,,
2026-04-25,VST,WAIT,164.35,154.41,0.0605,60,56.6,11,,,,,,
2026-04-25,CEG,WAIT,313.53,288.48,0.0799,60,60.2,15,,,,,,
2026-04-25,LDO.MI,WAIT,54.02,49.41,0.0853,60,41.2,,,,,,,
2026-04-27,NVDA,WAIT,216.61,206.58,0.0463,60,76.3,22,,,,,,
2026-04-27,MSFT,WAIT,424.82,410.54,0.0336,60,63.5,1,,,,,,
2026-04-27,GOOGL,WAIT,350.34,338.31,0.0343,60,71.7,1,,,,,,
2026-04-27,META,WAIT,678.62,641.85,0.0542,60,62.4,1,,,,,,
2026-04-27,AMZN,WAIT,261.12,251.77,0.0358,60,75.9,1,,,,,,
2026-04-27,MA,BUY,506.43,493.25,0.0260,60,48.8,2,,,,,,
2026-04-27,WM,BUY,226.20,219.65,0.0290,60,45.3,0,,,,,,
2026-04-27,MU,WAIT,524.56,460.22,0.1227,60,73.2,57,,,,,,
2026-04-27,ASML,WAIT,1224.31,1136.72,0.0715,60,51.8,78,,,,,,
2026-04-27,AVGO,WAIT,418.20,387.33,0.0738,60,74.3,36,,,,,,
2026-04-27,CTAS,BUY,174.04,169.48,0.0262,60,41.8,79,,,,,,
2026-04-27,VST,WAIT,166.58,156.78,0.0588,60,58.7,9,,,,,,
2026-04-27,CEG,WAIT,315.17,291.51,0.0751,60,60.8,13,,,,,,
2026-04-27,LDO.MI,WAIT,54.02,49.55,0.0829,60,41.2,,,,,,,
2026-04-28,NVDA,WAIT,213.17,204.57,0.0404,60,71.0,21,,,,,,
2026-04-28,MSFT,WAIT,429.25,414.55,0.0343,60,65.4,0,,,,,,
2026-04-28,GOOGL,WAIT,349.78,338.37,0.0326,60,71.1,0,,,,,,
2026-04-28,META,WAIT,671.34,634.07,0.0555,60,59.5,0,,,,,,
2026-04-28,AMZN,WAIT,259.70,250.54,0.0353,60,73.7,0,,,,,,
2026-04-28,MA,BUY,507.62,495.51,0.0239,60,49.8,1,,,,,,
2026-04-28,WM,BUY,227.35,220.91,0.0283,60,47.3,-1,,,,,,
2026-04-28,MU,WAIT,504.29,452.31,0.1031,60,66.0,56,,,,,,
2026-04-28,ASML,WAIT,1183.38,1099.78,0.0706,60,46.6,77,,,,,,
2026-04-28,AVGO,WAIT,399.83,365.27,0.0864,60,62.2,35,,,,,,
2026-04-28,CTAS,BUY,174.22,170.17,0.0232,60,42.2,78,,,,,,
2026-04-28,VST,WAIT,161.12,151.91,0.0572,60,52.1,8,,,,,,
2026-04-28,CEG,WAIT,305.71,283.09,0.0740,60,55.2,12,,,,,,
2026-04-28,LDO.MI,WAIT,54.02,48.97,0.0935,60,41.2,,,,,,,
2026-04-29,NVDA,WAIT,209.25,201.57,0.0367,60,65.4,20,,,,,,
2026-04-29,MSFT,WAIT,424.46,411.51,0.0305,60,61.7,-1,,,,,,
2026-04-29,GOOGL,BUY,349.94,339.65,0.0294,60,71.2,-1,,,,,,
2026-04-29,META,WAIT,669.12,637.01,0.0480,60,58.6,-1,,,,,,
2026-04-29,AMZN,WAIT,263.04,253.82,0.0350,60,75.5,-1,,,,,,
2026-04-29,MA,WAIT,525.23,509.36,0.0302,60,61.1,0,,,,,,
2026-04-29,WM,WAIT,230.31,223.19,0.0309,60,52.2,88,,,,,,
2026-04-29,MU,WAIT,518.46,465.10,0.1029,60,68.4,55,,,,,,
2026-04-29,ASML,WAIT,1191.52,1113.87,0.0652,60,47.7,76,,,,,,
2026-04-29,AVGO,WAIT,405.45,376.15,0.0723,60,64.1,34,,,,,,
2026-04-29,CTAS,BUY,173.95,169.68,0.0245,60,41.7,77,,,,,,
2026-04-29,VST,WAIT,153.79,144.59,0.0598,60,44.8,7,,,,,,
2026-04-29,CEG,WAIT,297.00,277.65,0.0651,60,50.6,11,,,,,,
2026-04-29,LDO.MI,WAIT,54.02,49.06,0.0919,60,41.2,,,,,,,
2026-04-30,NVDA,WAIT,199.57,187.17,0.0621,60,54.1,19,,,,,,
2026-04-30,MSFT,WAIT,407.78,385.01,0.0558,60,51.1,89,,,,,,
2026-04-30,GOOGL,WAIT,384.80,352.56,0.0838,60,82.4,82,,,,,,
2026-04-30,META,WAIT,611.91,544.70,0.1098,60,41.4,89,,,,,,
2026-04-30,AMZN,WAIT,265.06,256.27,0.0332,60,76.5,90,,,,,,
2026-04-30,MA,WAIT,502.92,478.71,0.0481,60,46.7,-1,,,,,,
2026-04-30,WM,WAIT,232.55,225.31,0.0311,60,55.5,87,,,,,,
2026-04-30,MU,WAIT,517.16,467.38,0.0963,60,67.9,54,,,,,,
2026-04-30,ASML,WAIT,1229.91,1145.34,0.0688,60,52.7,75,,,,,,
2026-04-30,AVGO,WAIT,417.43,383.87,0.0804,60,67.9,33,,,,,,
2026-04-30,CTAS,BUY,174.71,170.56,0.0237,60,43.7,76,,,,,,
2026-04-30,VST,WAIT,157.84,148.82,0.0572,60,49.1,6,,,,,,
2026-04-30,CEG,WAIT,313.00,290.68,0.0713,60,57.6,10,,,,,,
2026-04-30,LDO.MI,WAIT,54.02,49.02,0.0925,60,41.2,,,,,,,
2026-05-01,NVDA,WAIT,198.45,187.48,0.0553,60,53.0,18,,,,,,
2026-05-01,MSFT,WAIT,414.44,394.06,0.0492,60,54.5,88,,,,,,
2026-05-01,GOOGL,WAIT,385.69,361.88,0.0617,60,82.5,81,,,,,,
2026-05-01,META,WAIT,608.75,550.95,0.0949,60,40.7,88,,,,,,
2026-05-01,AMZN,WAIT,268.26,258.83,0.0352,60,78.1,89,,,,,,
2026-05-01,MA,WAIT,495.46,478.51,0.0342,60,43.1,89,,,,,,
2026-05-01,WM,BUY,228.77,222.08,0.0292,60,49.3,86,,,,,,
2026-05-01,MU,WAIT,542.21,485.88,0.1039,60,71.8,53,,,,,,
2026-05-01,ASML,WAIT,1219.68,1138.70,0.0664,60,51.3,74,,,,,,
2026-05-01,AVGO,WAIT,421.28,389.85,0.0746,60,69.0,32,,,,,,
2026-05-01,CTAS,BUY,169.61,164.65,0.0293,60,35.1,75,,,,,,
2026-05-01,VST,WAIT,155.28,146.21,0.0584,60,46.6,5,,,,,,
2026-05-01,CEG,WAIT,307.81,285.73,0.0717,60,54.9,9,,,,,,
2026-05-01,LDO.MI,WAIT,54.02,49.43,0.0851,60,41.2,,,,,,,
2026-05-04,NVDA,WAIT,198.48,187.86,0.0535,60,53.0,15,,,,,,
2026-05-04,MSFT,WAIT,413.62,393.29,0.0492,60,54.0,85,,,,,,
2026-05-04,GOOGL,WAIT,383.25,359.28,0.0626,60,80.0,78,,,,,,
2026-05-04,META,WAIT,610.41,550.13,0.0988,60,41.3,85,,,,,,
2026-05-04,AMZN,WAIT,272.05,261.99,0.0370,60,79.9,86,,,,,,
2026-05-04,MA,WAIT,504.74,485.98,0.0372,60,48.5,86,,,,,,
2026-05-04,WM,BUY,227.85,221.19,0.0292,60,47.9,83,,,,,,
2026-05-04,MU,WAIT,576.45,512.66,0.1107,60,76.1,50,,,,,,
2026-05-04,ASML,WAIT,1184.79,1101.50,0.0703,60,46.7,71,,,,,,
2026-05-04,AVGO,WAIT,416.50,384.70,0.0763,60,65.9,29,,,,,,
2026-05-04,CTAS,BUY,166.89,162.77,0.0247,60,31.5,72,,,,,,
2026-05-04,VST,WAIT,160.85,150.90,0.0619,60,52.2,2,,,,,,
2026-05-04,CEG,WAIT,321.05,296.66,0.0760,60,60.1,6,,,,,,
2026-05-04,LDO.MI,WAIT,54.02,48.99,0.0932,60,41.2,,,,,,,
2026-05-04,TSLA,WAIT,392.51,369.65,0.0582,60,56.9,78,,,,,,
2026-05-04,INOD,WAIT,45.72,40.13,0.1223,60,56.9,2,,,,,,
2026-05-04,ADP,WAIT,211.32,199.89,0.0541,60,57.6,85,,,,,,
2026-05-04,V,WAIT,326.85,311.68,0.0464,60,62.4,84,,,,,,
2026-05-04,LLY,WAIT,967.93,907.63,0.0623,60,58.6,93,,,,,,
2026-05-04,LIN,WAIT,493.55,478.08,0.0313,60,45.6,94,,,,,,
2026-05-04,WMT,WAIT,130.33,124.64,0.0437,60,57.1,16,,,,,,
2026-05-05,NVDA,WAIT,196.50,185.98,0.0535,60,50.8,14,,,,,,
2026-05-05,MSFT,WAIT,411.38,391.85,0.0475,60,52.6,84,,,,,,
2026-05-05,GOOGL,WAIT,388.43,363.95,0.0630,60,81.3,77,,,,,,
2026-05-05,META,WAIT,604.96,548.23,0.0938,60,39.9,84,,,,,,
2026-05-05,AMZN,WAIT,273.55,263.93,0.0352,60,80.5,85,,,,,,
2026-05-05,MA,WAIT,497.08,479.03,0.0363,60,44.7,85,,,,,,
2026-05-05,WM,BUY,224.49,218.01,0.0289,60,43.0,82,,,,,,
2026-05-05,MU,WAIT,640.20,556.50,0.1307,60,81.7,49,,,,,,
2026-05-05,ASML,WAIT,1233.26,1143.54,0.0728,60,53.0,70,,,,,,
2026-05-05,AVGO,WAIT,427.36,394.45,0.0770,60,69.3,28,,,,,,
2026-05-05,CTAS,BUY,169.25,164.68,0.0270,60,37.5,71,,,,,,
2026-05-05,VST,WAIT,160.38,150.77,0.0599,60,51.7,1,,,,,,
2026-05-05,CEG,WAIT,320.42,296.91,0.0734,60,59.7,5,,,,,,
2026-05-05,LDO.MI,WAIT,54.02,49.13,0.0906,60,41.2,,,,,,,
2026-05-05,TSLA,WAIT,389.37,368.34,0.0540,60,55.0,77,,,,,,
2026-05-05,INOD,WAIT,45.64,40.07,0.1220,60,56.7,1,,,,,,
2026-05-05,ADP,WAIT,210.60,199.03,0.0549,60,56.6,84,,,,,,
2026-05-05,V,WAIT,322.03,306.85,0.0471,60,56.8,83,,,,,,
2026-05-05,LLY,WAIT,988.19,923.99,0.0650,60,61.7,92,,,,,,
2026-05-05,LIN,BUY,500.29,485.48,0.0296,60,50.5,93,,,,,,
2026-05-05,WMT,WAIT,130.79,125.43,0.0410,60,58.1,15,,,,,,
2026-05-06,NVDA,WAIT,207.83,192.16,0.0754,60,60.8,13,,,,,,
2026-05-06,MSFT,WAIT,413.96,394.64,0.0467,60,54.1,83,,,,,,
2026-05-06,GOOGL,WAIT,398.04,372.72,0.0636,60,83.5,76,,,,,,
2026-05-06,META,WAIT,612.88,560.13,0.0861,60,42.8,83,,,,,,
2026-05-06,AMZN,WAIT,274.99,265.94,0.0329,60,81.1,84,,,,,,
2026-05-06,MA,WAIT,491.89,475.68,0.0330,60,42.3,84,,,,,,
2026-05-06,WM,BUY,220.52,214.42,0.0277,60,38.1,81,,,,,,
2026-05-06,MU,WAIT,666.59,590.92,0.1135,60,83.5,48,,,,,,
2026-05-06,ASML,WAIT,1320.29,1216.06,0.0789,60,61.8,69,,,,,,
2026-05-06,AVGO,WAIT,425.44,394.96,0.0716,60,68.0,27,,,,,,
2026-05-06,CTAS,BUY,169.36,165.61,0.0221,60,37.7,70,,,,,,
2026-05-06,VST,WAIT,158.29,149.13,0.0579,60,49.5,0,,,,,,
2026-05-06,CEG,WAIT,322.78,300.22,0.0699,60,60.7,4,,,,,,
2026-05-06,LDO.MI,WAIT,54.02,49.01,0.0929,60,41.2,,,,,,,
2026-05-06,TSLA,WAIT,398.73,376.10,0.0567,60,59.4,76,,,,,,
2026-05-06,INOD,WAIT,46.51,41.02,0.1180,60,58.5,0,,,,,,
2026-05-06,ADP,WAIT,207.20,195.75,0.0552,60,52.1,83,,,,,,
2026-05-06,V,WAIT,318.80,304.53,0.0448,60,53.3,82,,,,,,
2026-05-06,LLY,WAIT,987.11,925.99,0.0619,60,61.3,91,,,,,,
2026-05-06,LIN,BUY,501.87,487.51,0.0286,60,51.7,92,,,,,,
2026-05-06,WMT,WAIT,130.08,125.60,0.0345,60,55.9,14,,,,,,
2026-05-06,PLTR,WAIT,133.79,122.63,0.0834,60,41.2,88,,,,,,
2026-05-06,AMD,WAIT,421.39,346.92,0.1767,60,81.2,89,,,,,,
2026-05-06,INTC,WAIT,113.01,98.06,0.1323,60,85.9,77,,,,,,
2026-05-07,NVDA,WAIT,211.50,197.73,0.0651,60,63.4,12,,,,,,
2026-05-07,MSFT,WAIT,420.77,400.18,0.0489,60,57.8,82,,,,,,
2026-05-07,GOOGL,WAIT,397.99,372.92,0.0630,60,83.4,75,,,,,,
2026-05-07,META,WAIT,616.81,563.95,0.0857,60,44.3,82,,,,,,
2026-05-07,AMZN,WAIT,271.17,262.71,0.0312,60,74.2,83,,,,,,
2026-05-07,MA,WAIT,500.94,481.84,0.0381,60,47.6,83,,,,,,
2026-05-07,WM,BUY,221.45,215.52,0.0268,60,39.8,80,,,,,,
2026-05-07,MU,WAIT,646.63,572.98,0.1139,60,77.5,47,,,,,,
2026-05-07,ASML,WAIT,1285.25,1195.50,0.0698,60,58.5,68,,,,,,
2026-05-07,AVGO,WAIT,412.56,381.27,0.0758,60,60.0,26,,,,,,
2026-05-07,CTAS,BUY,170.04,165.99,0.0238,60,39.5,69,,,,,,
2026-05-07,VST,WAIT,153.95,145.18,0.0570,60,45.1,-1,,,,,,
2026-05-07,CEG,WAIT,311.28,288.97,0.0717,60,54.1,3,,,,,,
2026-05-07,LDO.MI,WAIT,54.02,49.49,0.0840,60,41.2,,,,,,,
2026-05-07,TSLA,WAIT,411.79,385.51,0.0638,60,64.6,75,,,,,,
2026-05-07,INOD,WAIT,45.64,40.28,0.1173,60,56.0,-1,,,,,,
2026-05-07,ADP,WAIT,214.09,201.56,0.0585,60,59.2,82,,,,,,
2026-05-07,V,WAIT,321.28,306.75,0.0452,60,55.6,81,,,,,,
2026-05-07,LLY,WAIT,974.96,915.86,0.0606,60,58.4,89,,,,,,
2026-05-07,LIN,BUY,493.85,479.81,0.0284,60,46.0,91,,,,,,
2026-05-07,WMT,WAIT,130.20,125.74,0.0343,60,56.2,13,,,,,,
2026-05-07,PLTR,WAIT,137.05,126.70,0.0755,60,44.9,87,,,,,,
2026-05-07,AMD,WAIT,408.46,359.27,0.1204,60,76.1,88,,,,,,
2026-05-07,INTC,WAIT,109.62,96.01,0.1241,60,80.5,76,,,,,,
2026-05-07,SNDK,WAIT,1339.96,1158.77,0.1352,60,73.5,97,,,,,,
2026-05-07,AIIO,WAIT,0.59,0.48,0.1846,60,26.8,-277,,,,,,
2026-05-07,FWRD,WAIT,17.33,13.68,0.2107,60,38.9,76,,,,,,
2026-05-07,HUBS,WAIT,244.31,223.21,0.0864,60,55.3,-1,,,,,,
2026-05-08,NVDA,WAIT,215.20,202.02,0.0612,60,65.9,11,,,,,,
2026-05-08,MSFT,WAIT,415.12,394.98,0.0485,60,53.9,81,,,,,,
2026-05-08,GOOGL,WAIT,400.80,375.88,0.0622,60,84.0,74,,,,,,
2026-05-08,META,WAIT,609.63,558.53,0.0838,60,42.2,81,,,,,,
2026-05-08,AMZN,BUY,272.68,264.77,0.0290,60,75.1,82,,,,,,
2026-05-08,MA,WAIT,495.48,478.36,0.0345,60,44.9,82,,,,,,
2026-05-08,WM,BUY,215.37,209.31,0.0281,60,33.2,79,,,,,,
2026-05-08,MU,WAIT,746.81,631.83,0.1540,60,83.8,46,,,,,,
2026-05-08,ASML,WAIT,1360.70,1259.21,0.0746,60,64.0,67,,,,,,
2026-05-08,AVGO,WAIT,430.00,395.20,0.0809,60,65.9,25,,,,,,
2026-05-08,CTAS,BUY,166.97,162.95,0.0241,60,34.7,68,,,,,,
2026-05-08,VST,WAIT,147.72,134.10,0.0922,60,39.7,89,,,,,,
2026-05-08,CEG,WAIT,303.63,282.83,0.0685,60,50.2,2,,,,,,
2026-05-08,LDO.MI,WAIT,54.02,48.87,0.0954,60,41.2,,,,,,,
2026-05-08,TSLA,WAIT,428.35,400.66,0.0646,60,69.9,74,,,,,,
2026-05-08,ADP,WAIT,213.00,202.63,0.0487,60,57.7,81,,,,,,
2026-05-08,V,WAIT,318.79,305.00,0.0433,60,52.8,80,,,,,,
2026-05-08,LLY,WAIT,948.45,889.06,0.0626,60,52.4,88,,,,,,
2026-05-08,LIN,BUY,493.16,479.82,0.0271,60,45.5,90,,,,,,
2026-05-08,WMT,WAIT,130.43,126.36,0.0312,60,56.8,12,,,,,,
2026-05-08,PLTR,WAIT,137.80,127.89,0.0719,60,45.7,86,,,,,,
2026-05-08,AMD,WAIT,455.19,387.72,0.1482,60,80.8,87,,,,,,
2026-05-08,SNDK,WAIT,1562.34,1300.15,0.1678,60,80.0,96,,,,,,
2026-05-08,HUBS,WAIT,197.34,156.34,0.2078,60,36.8,88,,,,,,
2026-05-11,NVDA,WAIT,219.44,205.28,0.0645,60,68.5,8,,,,,,
2026-05-11,MSFT,WAIT,412.66,393.99,0.0453,60,52.2,78,,,,,,
2026-05-11,GOOGL,WAIT,388.64,367.36,0.0547,60,71.6,71,,,,,,
2026-05-11,META,WAIT,598.86,548.83,0.0835,60,39.2,78,,,,,,
2026-05-11,AMZN,WAIT,268.99,260.65,0.0310,60,68.8,79,,,,,,
2026-05-11,MA,WAIT,497.81,481.57,0.0326,60,46.3,79,,,,,,
2026-05-11,WM,BUY,214.11,208.37,0.0268,60,32.1,76,,,,,,
2026-05-11,MU,WAIT,795.33,689.24,0.1334,60,85.8,43,,,,,,
2026-05-11,ASML,WAIT,1326.96,1232.53,0.0712,60,61.0,64,,,,,,
2026-05-11,AVGO,WAIT,428.43,399.47,0.0676,60,65.0,22,,,,,,
2026-05-11,CTAS,BUY,164.67,160.93,0.0227,60,31.7,65,,,,,,
2026-05-11,VST,WAIT,152.05,142.63,0.0620,60,44.7,86,,,,,,
2026-05-11,CEG,WAIT,299.69,279.53,0.0673,60,48.3,86,,,,,,
2026-05-11,LDO.MI,WAIT,54.02,48.92,0.0944,60,41.2,,,,,,,
2026-05-11,TSLA,WAIT,445.00,414.51,0.0685,60,74.1,71,,,,,,
2026-05-11,ADP,WAIT,211.67,201.36,0.0487,60,55.9,78,,,,,,
2026-05-11,V,WAIT,323.86,309.24,0.0452,60,57.4,77,,,,,,
2026-05-11,LLY,WAIT,967.08,907.01,0.0621,60,55.8,85,,,,,,
2026-05-11,LIN,WAIT,504.40,487.95,0.0326,60,53.7,87,,,,,,
2026-05-11,WMT,WAIT,127.59,123.49,0.0322,60,48.0,9,,,,,,
2026-05-11,PLTR,WAIT,136.89,127.12,0.0714,60,44.8,83,,,,,,
2026-05-11,AMD,WAIT,458.79,397.88,0.1328,60,81.1,84,,,,,,
2026-05-11,INTC,WAIT,129.44,112.78,0.1287,60,86.1,72,,,,,,
2026-05-11,SNDK,WAIT,1547.56,1335.85,0.1368,60,78.6,93,,,,,,
2026-05-11,ENGN,WAIT,1.49,1.25,0.1598,60,21.9,30,,,,,,
2026-05-11,HUBS,WAIT,191.34,157.72,0.1757,60,35.2,85,,,,,,
2026-05-12,NVDA,WAIT,220.78,207.82,0.0587,60,69.3,7,,,,,,
2026-05-12,MSFT,WAIT,407.77,389.79,0.0441,60,49.0,77,,,,,,
2026-05-12,GOOGL,WAIT,387.35,366.36,0.0542,60,70.4,70,,,,,,
2026-05-12,META,WAIT,603.00,555.64,0.0785,60,40.9,77,,,,,,
2026-05-12,AMZN,WAIT,265.82,256.42,0.0354,60,63.8,78,,,,,,
2026-05-12,MA,WAIT,499.81,483.17,0.0333,60,47.5,78,,,,,,
2026-05-12,WM,BUY,217.65,211.25,0.0294,60,38.7,75,,,,,,
2026-05-12,MU,WAIT,766.58,660.54,0.1383,60,79.4,42,,,,,,
2026-05-12,ASML,WAIT,1288.93,1198.77,0.0700,60,56.1,63,,,,,,
2026-05-12,AVGO,WAIT,419.30,389.34,0.0714,60,59.7,21,,,,,,
2026-05-12,CTAS,BUY,165.42,161.66,0.0227,60,33.7,64,,,,,,
2026-05-12,VST,WAIT,146.87,133.23,0.0928,60,40.4,85,,,,,,
2026-05-12,CEG,WAIT,293.60,274.01,0.0667,60,45.4,85,,,,,,
2026-05-12,LDO.MI,WAIT,54.02,48.92,0.0944,60,41.2,,,,,,,
2026-05-12,TSLA,WAIT,433.45,404.55,0.0667,60,67.1,70,,,,,,
2026-05-12,ADP,WAIT,213.81,203.23,0.0495,60,58.2,77,,,,,,
2026-05-12,V,WAIT,326.42,311.44,0.0459,60,59.6,76,,,,,,
2026-05-12,LLY,WAIT,989.87,923.18,0.0674,60,59.6,84,,,,,,
2026-05-12,LIN,BUY,503.87,489.64,0.0282,60,53.3,86,,,,,,
2026-05-12,WMT,WAIT,130.35,125.70,0.0356,60,55.3,8,,,,,,
2026-05-12,PLTR,WAIT,136.00,126.35,0.0710,60,43.9,82,,,,,,
2026-05-12,AMD,WAIT,448.29,391.16,0.1274,60,77.2,83,,,,,,
2026-05-12,INTC,WAIT,120.61,101.38,0.1594,60,75.1,71,,,,,,
2026-05-12,SNDK,WAIT,1452.02,1234.87,0.1495,60,70.2,92,,,,,,
2026-05-12,ENGN,WAIT,1.44,1.17,0.1907,60,21.7,29,,,,,,
2026-05-12,GDC,WAIT,0.14,0.11,0.2402,60,30.6,,,,,,,
2026-05-12,HUBS,WAIT,179.58,146.19,0.1860,60,32.2,84,,,,,,
2026-05-13,NVDA,WAIT,225.83,211.48,0.0635,60,72.1,6,,,NORMAL,0.85,false,
2026-05-13,MSFT,WAIT,405.21,389.04,0.0399,60,47.3,76,,,NORMAL,0.85,false,
2026-05-13,GOOGL,WAIT,402.62,378.23,0.0606,60,75.6,69,,,NORMAL,0.85,false,
2026-05-13,META,WAIT,616.63,581.35,0.0572,60,46.4,76,,,NORMAL,0.85,false,
2026-05-13,AMZN,WAIT,270.13,261.45,0.0321,60,67.3,77,,,NORMAL,0.85,false,
2026-05-13,MA,WAIT,490.64,473.23,0.0355,60,42.7,77,,,NORMAL,0.85,false,
2026-05-13,WM,BUY,216.44,210.35,0.0282,60,37.3,74,,,NORMAL,0.85,false,
2026-05-13,MU,WAIT,803.63,695.14,0.1350,60,81.3,41,,,NORMAL,0.85,false,
2026-05-13,ASML,WAIT,1351.78,1247.99,0.0768,60,60.7,62,,,NORMAL,0.85,false,
2026-05-13,AVGO,WAIT,416.79,389.34,0.0659,60,58.3,20,,,NORMAL,0.85,false,
2026-05-13,CTAS,BUY,163.55,159.55,0.0245,60,31.2,63,,,NORMAL,0.85,false,
2026-05-13,VST,WAIT,142.61,129.35,0.0930,60,37.3,84,,,BREAKDOWN,0.75,false,
2026-05-13,CEG,WAIT,274.89,244.23,0.1115,60,37.9,84,,,NORMAL,0.85,false,
2026-05-13,LDO.MI,WAIT,54.02,48.98,0.0933,60,41.2,,,,NORMAL,0.85,false,
2026-05-13,TSLA,WAIT,445.27,417.55,0.0623,60,70.2,69,,,NORMAL,0.85,false,
2026-05-13,ADP,WAIT,208.63,198.08,0.0506,60,51.3,76,,,NORMAL,0.85,false,
2026-05-13,V,WAIT,320.31,305.17,0.0473,60,52.7,75,,,NORMAL,0.85,false,
2026-05-13,LLY,WAIT,1015.93,945.21,0.0696,60,63.5,83,,,NORMAL,0.85,false,
2026-05-13,LIN,BUY,513.26,501.90,0.0221,60,59.2,85,,,NORMAL,0.85,false,
2026-05-13,WMT,WAIT,131.47,126.74,0.0360,60,57.8,7,,,NORMAL,0.85,false,
2026-05-13,PLTR,WAIT,130.05,116.22,0.1064,60,38.4,81,,,NORMAL,0.85,false,
2026-05-13,AMD,WAIT,445.50,389.15,0.1265,60,76.2,82,,,NORMAL,0.85,false,
2026-05-13,INTC,WAIT,120.29,105.28,0.1248,60,74.8,70,,,NORMAL,0.85,false,
2026-05-13,SNDK,WAIT,1447.23,1245.83,0.1392,60,69.8,91,,,NORMAL,0.85,false,
2026-05-13,ENGN,WAIT,1.54,1.16,0.2500,60,22.7,28,,,BREAKDOWN,0.75,false,
2026-05-13,HUBS,WAIT,179.00,147.40,0.1765,60,32.0,83,,,BREAKDOWN,0.75,false,
2026-05-13,CRWD,WAIT,562.57,516.87,0.0812,60,79.0,20,,,NORMAL,0.85,false,
2026-05-14,NVDA,WAIT,235.74,218.31,0.0739,60,76.7,5,,,NORMAL,0.85,false,
2026-05-14,MSFT,WAIT,409.43,393.72,0.0384,60,50.3,75,,,NORMAL,0.85,false,
2026-05-14,GOOGL,WAIT,401.07,378.55,0.0562,60,74.2,68,,,NORMAL,0.85,false,
2026-05-14,META,WAIT,618.43,585.51,0.0532,60,47.1,75,,,NORMAL,0.85,false,
2026-05-14,AMZN,WAIT,267.22,256.46,0.0403,60,62.9,76,,,NORMAL,0.85,false,
2026-05-14,MA,WAIT,489.94,474.88,0.0307,60,42.4,76,,,NORMAL,0.85,false,
2026-05-14,WM,BUY,218.82,212.38,0.0295,60,41.6,73,,,NORMAL,0.85,false,
2026-05-14,MU,WAIT,776.01,670.02,0.1366,60,75.6,40,,,NORMAL,0.85,false,
2026-05-14,ASML,WAIT,1354.28,1264.52,0.0663,60,60.9,61,,,NORMAL,0.85,false,
2026-05-14,AVGO,WAIT,439.79,401.48,0.0871,60,66.1,19,,,NORMAL,0.85,false,
2026-05-14,CTAS,BUY,165.95,161.57,0.0264,60,37.6,62,,,NORMAL,0.85,false,
2026-05-14,VST,WAIT,141.90,129.45,0.0878,60,36.7,83,,,BREAKDOWN,0.75,false,
2026-05-14,CEG,WAIT,275.26,245.30,0.1089,60,38.1,83,,,NORMAL,0.85,false,
2026-05-14,LDO.MI,WAIT,54.02,50.28,0.0692,60,30.9,,,,BREAKDOWN,0.75,false,
2026-05-14,TSLA,WAIT,443.30,417.85,0.0574,60,69.0,68,,,NORMAL,0.85,false,
2026-05-14,ADP,WAIT,208.37,198.83,0.0458,60,51.0,75,,,NORMAL,0.85,false,
2026-05-14,V,WAIT,322.52,307.94,0.0452,60,54.8,74,,,NORMAL,0.85,false,
2026-05-14,LLY,WAIT,1008.04,941.91,0.0656,60,61.3,82,,,NORMAL,0.85,false,
2026-05-14,LIN,WAIT,511.65,495.48,0.0316,60,57.9,84,,,NORMAL,0.85,false,
2026-05-14,WMT,WAIT,132.46,127.67,0.0362,60,60.0,6,,,NORMAL,0.85,false,
2026-05-14,PLTR,WAIT,133.73,124.17,0.0715,60,43.2,80,,,NORMAL,0.85,false,
2026-05-14,AMD,WAIT,449.70,394.41,0.1229,60,76.7,81,,,NORMAL,0.85,false,
2026-05-14,INTC,WAIT,115.93,100.25,0.1352,60,69.7,69,,,NORMAL,0.85,false,
2026-05-14,SNDK,WAIT,1382.72,1185.54,0.1426,60,64.4,90,,,NORMAL,0.85,false,
2026-05-14,HUBS,WAIT,183.46,153.27,0.1645,60,34.5,82,,,BREAKDOWN,0.75,false,
2026-05-14,CRWD,WAIT,579.95,534.24,0.0788,60,81.1,19,,,NORMAL,0.85,false,
2026-05-14,CSCO,WAIT,115.53,99.74,0.1367,60,87.5,89,,,MOMENTUM,0.90,false,
2026-05-14,IONQ,WAIT,57.47,49.71,0.1351,60,69.8,82,,,NORMAL,0.85,false,
2026-05-14,AMAT,WAIT,440.56,411.37,0.0662,60,63.6,-1,,,NORMAL,0.85,false,
2026-05-14,ANET,WAIT,147.81,128.53,0.1304,60,46.3,81,,,NORMAL,0.85,false,
2026-05-14,FIX,WAIT,2043.54,1858.79,0.0904,60,72.2,69,,,NORMAL,0.85,false,
2026-05-14,MRNA,WAIT,50.03,45.24,0.0957,60,48.9,77,,,NORMAL,0.85,false,
2026-05-15,NVDA,WAIT,225.32,208.68,0.0739,60,64.7,4,,,NORMAL,0.85,false,
2026-05-15,MSFT,WAIT,421.92,402.44,0.0462,60,57.9,74,,,NORMAL,0.85,false,
2026-05-15,GOOGL,WAIT,396.78,374.16,0.0570,60,70.2,67,,,NORMAL,0.85,false,
2026-05-15,META,WAIT,614.23,581.88,0.0527,60,45.6,74,,,NORMAL,0.85,false,
2026-05-15,AMZN,WAIT,264.14,253.26,0.0412,60,58.6,75,,,NORMAL,0.85,false,
2026-05-15,MA,WAIT,494.20,477.75,0.0333,60,45.3,75,,,NORMAL,0.85,false,
2026-05-15,WM,BUY,219.82,213.34,0.0295,60,43.3,72,,,NORMAL,0.85,false,
2026-05-15,MU,WAIT,724.66,615.05,0.1513,60,66.3,39,,,NORMAL,0.85,false,
2026-05-15,ASML,WAIT,1283.60,1188.95,0.0737,60,52.3,60,,,NORMAL,0.85,false,
2026-05-15,AVGO,WAIT,425.19,391.54,0.0791,60,58.6,18,,,NORMAL,0.85,false,
2026-05-15,CTAS,BUY,168.31,163.55,0.0283,60,43.3,61,,,NORMAL,0.85,false,
2026-05-15,VST,WAIT,139.68,127.37,0.0882,60,35.1,82,,,BREAKDOWN,0.75,false,
2026-05-15,CEG,WAIT,267.20,238.22,0.1085,60,35.2,82,,,NORMAL,0.85,false,
2026-05-15,LDO.MI,WAIT,54.02,50.04,0.0736,60,30.9,,,,BREAKDOWN,0.75,false,
2026-05-15,TSLA,WAIT,422.04,395.97,0.0618,60,57.9,67,,,NORMAL,0.85,false,
2026-05-15,ADP,WAIT,214.48,203.14,0.0529,60,57.8,74,,,NORMAL,0.85,false,
2026-05-15,LLY,WAIT,1004.92,941.69,0.0629,60,60.8,81,,,NORMAL,0.85,false,
2026-05-15,LIN,WAIT,506.11,490.22,0.0314,60,53.3,83,,,NORMAL,0.85,false,
2026-05-15,WMT,WAIT,131.45,127.05,0.0334,60,56.8,5,,,NORMAL,0.85,false,
2026-05-15,PLTR,WAIT,133.99,124.51,0.0708,60,43.5,79,,,NORMAL,0.85,false,
2026-05-15,AMD,WAIT,424.10,367.09,0.1344,60,67.3,80,,,NORMAL,0.85,false,
2026-05-15,INTC,WAIT,108.77,92.12,0.1531,60,62.3,68,,,NORMAL,0.85,false,
2026-05-15,SNDK,WAIT,1407.61,1205.34,0.1437,60,65.5,89,,,NORMAL,0.85,false,
2026-05-15,GDC,WAIT,0.15,0.12,0.2137,60,30.7,,,,BREAKDOWN,0.75,false,
2026-05-15,HUBS,WAIT,198.38,162.63,0.1802,60,42.1,81,,,BREAKDOWN,0.75,false,
2026-05-15,CRWD,WAIT,594.08,547.52,0.0784,60,82.6,18,,,NORMAL,0.85,false,
2026-05-15,CSCO,WAIT,118.21,108.90,0.0788,60,88.5,88,,,MOMENTUM,0.80,false,
2026-05-15,IONQ,WAIT,51.95,44.64,0.1407,60,58.6,81,,,NORMAL,0.85,false,
2026-05-15,AMAT,WAIT,436.62,405.65,0.0709,60,61.7,89,,,NORMAL,0.85,false,
2026-05-15,ANET,WAIT,141.97,123.55,0.1297,60,42.3,80,,,BREAKDOWN,0.75,false,
2026-05-15,FIX,WAIT,1993.41,1847.29,0.0733,60,66.1,68,,,NORMAL,0.85,false,
2026-05-18,NVDA,WAIT,222.36,207.82,0.0654,60,61.7,1,,,NORMAL,0.85,false,
2026-05-18,MSFT,WAIT,423.54,405.62,0.0423,60,58.8,71,,,NORMAL,0.85,false,
2026-05-18,GOOGL,WAIT,396.94,374.65,0.0562,60,70.3,64,,,NORMAL,0.85,false,
2026-05-18,META,WAIT,611.21,578.61,0.0533,60,44.5,71,,,NORMAL,0.85,false,
2026-05-18,AMZN,WAIT,264.86,254.42,0.0394,60,59.3,72,,,NORMAL,0.85,false,
2026-05-18,MA,WAIT,505.79,485.63,0.0399,60,52.4,72,,,NORMAL,0.85,false,
2026-05-18,WM,BUY,222.73,215.66,0.0317,60,48.2,69,,,NORMAL,0.85,false,
2026-05-18,MU,WAIT,681.54,577.54,0.1526,60,59.6,36,,,NORMAL,0.85,false,
2026-05-18,ASML,WAIT,1269.30,1172.29,0.0764,60,49.7,57,,,NORMAL,0.85,false,
2026-05-18,AVGO,WAIT,420.71,390.80,0.0711,60,56.5,15,,,NORMAL,0.85,false,
2026-05-18,CTAS,BUY,174.51,168.78,0.0329,60,54.8,58,,,NORMAL,0.85,false,
2026-05-18,VST,WAIT,136.75,125.07,0.0854,60,33.0,79,,,BREAKDOWN,0.75,false,
2026-05-18,CEG,WAIT,262.00,234.32,0.1057,60,33.4,79,,,NORMAL,0.85,false,
2026-05-18,LDO.MI,WAIT,54.02,50.15,0.0717,60,30.9,,,,BREAKDOWN,0.75,false,
2026-05-18,TSLA,WAIT,410.06,384.74,0.0618,60,52.7,64,,,NORMAL,0.85,false,
2026-05-18,ADP,WAIT,222.94,209.53,0.0602,60,65.0,71,,,NORMAL,0.85,false,
2026-05-18,LLY,WAIT,988.20,920.23,0.0688,60,56.6,78,,,NORMAL,0.85,false,
2026-05-18,LIN,WAIT,510.86,493.80,0.0334,60,56.5,80,,,NORMAL,0.85,false,
2026-05-18,WMT,WAIT,133.34,129.83,0.0263,60,61.0,2,,,NORMAL,0.85,false,
2026-05-18,PLTR,WAIT,135.08,125.73,0.0692,60,44.9,76,,,NORMAL,0.85,false,
2026-05-18,AMD,WAIT,420.99,363.01,0.1377,60,66.2,77,,,NORMAL,0.85,false,
2026-05-18,INTC,WAIT,108.17,94.30,0.1282,60,61.7,65,,,NORMAL,0.85,false,
2026-05-18,SNDK,WAIT,1332.51,1137.38,0.1464,60,59.5,86,,,NORMAL,0.85,false,
2026-05-18,GDC,WAIT,0.14,0.11,0.2021,60,30.7,,,,BREAKDOWN,0.75,false,
2026-05-18,HUBS,WAIT,208.51,178.97,0.1417,60,46.6,78,,,NORMAL,0.85,false,
2026-05-18,CRWD,WAIT,618.83,567.05,0.0837,60,84.8,15,,,MOMENTUM,0.85,false,
2026-05-18,CSCO,WAIT,118.88,109.72,0.0771,60,88.7,85,,,NORMAL,0.85,false,
2026-05-18,IONQ,WAIT,49.31,42.21,0.1439,60,54.1,78,,,NORMAL,0.85,false,
2026-05-18,AMAT,WAIT,413.57,380.78,0.0793,60,52.2,86,,,NORMAL,0.85,false,
2026-05-18,ANET,WAIT,141.71,123.74,0.1268,60,42.1,77,,,BREAKDOWN,0.75,false,
2026-05-18,FIX,WAIT,1853.84,1692.02,0.0873,60,52.4,65,,,NORMAL,0.85,false,
2026-05-18,RKLB,WAIT,131.25,108.63,0.1723,60,73.1,79,,,NORMAL,0.85,false,
2026-05-18,ASTS,WAIT,86.83,72.96,0.1597,60,56.2,83,,,NORMAL,0.85,false,
2026-05-18,IRDM,WAIT,43.40,39.60,0.0876,60,63.3,65,,,NORMAL,0.85,false,
2026-05-18,SATS,WAIT,136.45,125.04,0.0836,60,63.1,72,,,NORMAL,0.85,false,
2026-05-18,NOK,WAIT,13.74,12.22,0.1108,60,62.7,65,,,NORMAL,0.85,false,
2026-05-18,GLW,WAIT,178.59,153.89,0.1383,60,51.6,77,,,NORMAL,0.85,false,
2026-05-18,MSA,WAIT,169.52,163.97,0.0328,60,48.2,76,,,NORMAL,0.85,false,
2026-05-19,NVDA,WAIT,220.61,207.25,0.0606,60,59.9,0,,,NORMAL,0.85,false,
2026-05-19,MSFT,WAIT,417.42,399.35,0.0433,60,54.2,70,,,NORMAL,0.85,false,
2026-05-19,GOOGL,WAIT,387.66,366.58,0.0544,60,62.1,63,,,NORMAL,0.85,false,
2026-05-19,META,WAIT,602.61,571.44,0.0517,60,41.5,70,,,NORMAL,0.85,false,
2026-05-19,AMZN,WAIT,259.34,248.11,0.0433,60,51.9,71,,,NORMAL,0.85,false,
2026-05-19,MA,WAIT,499.70,481.89,0.0356,60,48.8,71,,,NORMAL,0.85,false,
2026-05-19,WM,BUY,222.34,215.41,0.0311,60,47.6,68,,,NORMAL,0.85,false,
2026-05-19,MU,WAIT,698.74,596.44,0.1464,60,61.3,35,,,NORMAL,0.85,false,
2026-05-19,ASML,WAIT,1258.14,1163.94,0.0749,60,48.5,56,,,NORMAL,0.85,false,
2026-05-19,AVGO,WAIT,411.07,381.32,0.0724,60,52.2,14,,,NORMAL,0.85,false,
2026-05-19,CTAS,WAIT,172.20,165.63,0.0382,60,50.7,57,,,NORMAL,0.85,false,
2026-05-19,VST,WAIT,134.71,123.03,0.0867,60,31.6,78,,,BREAKDOWN,0.75,false,
2026-05-19,CEG,WAIT,260.67,233.69,0.1035,60,33.0,78,,,NORMAL,0.85,false,
2026-05-19,LDO.MI,WAIT,54.02,50.07,0.0732,60,30.9,,,,BREAKDOWN,0.75,false,
2026-05-19,TSLA,WAIT,404.11,380.51,0.0584,60,50.3,63,,,NORMAL,0.85,false,
2026-05-19,ADP,WAIT,220.44,207.92,0.0568,60,61.6,70,,,NORMAL,0.85,false,
2026-05-19,LLY,WAIT,1021.59,948.30,0.0717,60,62.2,77,,,NORMAL,0.85,false,
2026-05-19,LIN,WAIT,506.07,489.88,0.0320,60,52.6,79,,,NORMAL,0.85,false,
2026-05-19,WMT,BUY,134.20,130.94,0.0243,60,62.8,1,,,NORMAL,0.85,false,
2026-05-19,PLTR,WAIT,135.26,126.11,0.0676,60,45.2,75,,,NORMAL,0.85,false,
2026-05-19,AMD,WAIT,414.05,362.03,0.1256,60,63.8,76,,,NORMAL,0.85,false,
2026-05-19,INTC,WAIT,110.80,96.93,0.1252,60,63.3,64,,,NORMAL,0.85,false,
2026-05-19,SNDK,WAIT,1383.29,1181.49,0.1459,60,62.0,85,,,NORMAL,0.85,false,
2026-05-19,ENGN,WAIT,1.53,1.26,0.1743,60,24.3,22,,,BREAKDOWN,0.75,false,
2026-05-19,GDC,WAIT,0.14,0.11,0.2040,60,30.7,,,,BREAKDOWN,0.75,false,
2026-05-19,HUBS,WAIT,208.19,180.70,0.1320,60,46.4,77,,,NORMAL,0.85,false,
2026-05-19,CRWD,WAIT,616.88,571.03,0.0743,60,83.9,14,,,MOMENTUM,0.85,false,
2026-05-19,CSCO,WAIT,115.38,105.78,0.0832,60,79.4,84,,,MOMENTUM,0.85,false,
2026-05-19,IONQ,WAIT,48.44,41.96,0.1337,60,52.7,77,,,NORMAL,0.85,false,
2026-05-19,AMAT,WAIT,406.91,376.85,0.0739,60,49.8,85,,,NORMAL,0.85,false,
2026-05-19,ANET,WAIT,141.58,124.46,0.1210,60,42.1,76,,,BREAKDOWN,0.75,false,
2026-05-19,FIX,WAIT,1827.94,1677.51,0.0823,60,50.3,64,,,NORMAL,0.85,false,
2026-05-19,RKLB,WAIT,127.31,105.90,0.1682,60,69.6,78,,,NORMAL,0.85,false,
2026-05-19,ASTS,WAIT,88.10,74.57,0.1536,60,57.0,82,,,NORMAL,0.85,false,
2026-05-19,IRDM,WAIT,43.57,40.39,0.0730,60,63.6,64,,,NORMAL,0.85,false,
2026-05-19,SATS,WAIT,136.52,127.11,0.0690,60,63.2,71,,,NORMAL,0.85,false,
2026-05-19,NOK,WAIT,13.66,12.18,0.1086,60,61.9,64,,,NORMAL,0.85,false,
2026-05-19,GLW,WAIT,175.83,154.06,0.1238,60,50.2,76,,,NORMAL,0.85,false,
2026-05-19,MSA,WAIT,165.11,158.71,0.0387,60,42.0,75,,,NORMAL,0.85,false,
2026-05-20,NVDA,WAIT,223.33,208.86,0.0648,60,61.8,-1,,,NORMAL,0.85,false,
2026-05-20,MSFT,WAIT,421.00,403.66,0.0412,60,56.3,69,,,NORMAL,0.85,false,
2026-05-20,GOOGL,WAIT,388.86,367.13,0.0559,60,62.7,62,,,NORMAL,0.85,false,
2026-05-20,META,WAIT,605.06,572.41,0.0540,60,42.7,69,,,NORMAL,0.85,false,
2026-05-20,AMZN,WAIT,265.01,254.19,0.0408,60,57.7,70,,,NORMAL,0.85,false,
2026-05-20,MA,WAIT,498.04,480.69,0.0348,60,47.9,70,,,NORMAL,0.85,false,
2026-05-20,WM,BUY,219.59,212.88,0.0306,60,43.6,67,,,NORMAL,0.85,false,
2026-05-20,MU,WAIT,731.99,624.92,0.1463,60,64.4,34,,,NORMAL,0.85,false,
2026-05-20,ASML,WAIT,1336.32,1218.07,0.0885,60,56.3,55,,,NORMAL,0.85,false,
2026-05-20,AVGO,WAIT,417.76,388.15,0.0709,60,54.8,13,,,NORMAL,0.85,false,
2026-05-20,CTAS,WAIT,171.36,165.27,0.0355,60,49.2,56,,,NORMAL,0.85,false,
2026-05-20,VST,WAIT,144.00,128.45,0.1080,60,43.4,77,,,NORMAL,0.85,false,
2026-05-20,CEG,WAIT,281.26,245.70,0.1264,60,45.4,77,,,NORMAL,0.85,false,
2026-05-20,LDO.MI,WAIT,54.02,51.40,0.0486,60,48.3,,,,NORMAL,0.85,false,
2026-05-20,TSLA,WAIT,417.26,389.38,0.0668,60,55.2,62,,,NORMAL,0.85,false,
2026-05-20,ADP,WAIT,220.69,208.51,0.0552,60,61.9,69,,,NORMAL,0.85,false,
2026-05-20,LLY,WAIT,1018.14,950.59,0.0664,60,61.4,76,,,NORMAL,0.85,false,
2026-05-20,LIN,WAIT,506.63,490.47,0.0319,60,53.0,78,,,NORMAL,0.85,false,
2026-05-20,WMT,WAIT,130.85,125.71,0.0393,60,52.7,0,,,NORMAL,0.85,false,
2026-05-20,PLTR,WAIT,137.15,127.68,0.0690,60,47.9,74,,,NORMAL,0.85,false,
2026-05-20,AMD,WAIT,447.58,382.72,0.1449,60,69.6,75,,,NORMAL,0.85,false,
2026-05-20,INTC,WAIT,118.96,99.33,0.1650,60,67.9,63,,,NORMAL,0.85,false,
2026-05-20,SNDK,WAIT,1392.56,1191.72,0.1442,60,62.5,84,,,NORMAL,0.85,false,
2026-05-20,ENGN,WAIT,1.61,1.26,0.2194,60,25.2,21,,,BREAKDOWN,0.75,false,
2026-05-20,HUBS,WAIT,203.39,165.74,0.1851,60,44.5,76,,,BREAKDOWN,0.75,false,
2026-05-20,CRWD,WAIT,650.11,591.59,0.0900,60,86.6,13,,,MOMENTUM,0.80,false,
2026-05-20,CSCO,WAIT,114.35,105.31,0.0790,60,76.8,83,,,NORMAL,0.85,false,
2026-05-20,IONQ,WAIT,52.47,44.58,0.1503,60,58.2,76,,,NORMAL,0.85,false,
2026-05-20,AMAT,WAIT,426.85,392.67,0.0801,60,56.3,84,,,NORMAL,0.85,false,
2026-05-20,ANET,WAIT,140.49,123.13,0.1236,60,41.2,75,,,BREAKDOWN,0.75,false,
2026-05-20,FIX,WAIT,1837.52,1691.58,0.0794,60,51.1,63,,,NORMAL,0.85,false,
2026-05-20,RKLB,WAIT,134.28,111.21,0.1718,60,72.2,77,,,NORMAL,0.85,false,
2026-05-20,ASTS,WAIT,89.58,75.59,0.1562,60,58.1,81,,,NORMAL,0.85,false,
2026-05-20,IRDM,WAIT,45.28,41.30,0.0880,60,67.4,63,,,NORMAL,0.85,false,
2026-05-20,SATS,WAIT,141.76,131.59,0.0717,60,68.0,70,,,NORMAL,0.85,false,
2026-05-20,NOK,WAIT,13.62,12.19,0.1053,60,61.4,63,,,NORMAL,0.85,false,
2026-05-20,GLW,WAIT,180.69,157.39,0.1289,60,52.6,75,,,NORMAL,0.85,false,
2026-05-20,MSA,WAIT,168.96,162.70,0.0371,60,48.2,74,,,NORMAL,0.85,false,
2026-05-20,DELL,WAIT,242.97,218.89,0.0991,60,62.0,7,,,NORMAL,0.85,false,
2026-05-20,ETN,WAIT,379.69,343.94,0.0942,60,41.8,75,,,NORMAL,0.85,false,
2026-05-20,AMKR,WAIT,68.49,59.03,0.1381,60,50.4,67,,,NORMAL,0.85,false,
2026-05-21,NVDA,WAIT,219.51,205.00,0.0661,60,57.8,96,,,NORMAL,0.85,false,
2026-05-21,MSFT,WAIT,419.09,404.03,0.0359,60,54.8,68,,,NORMAL,0.85,false,
2026-05-21,GOOGL,WAIT,387.66,365.96,0.0560,60,61.6,61,,,NORMAL,0.85,false,
2026-05-21,META,WAIT,607.38,575.76,0.0521,60,43.8,68,,,NORMAL,0.85,false,
2026-05-21,AMZN,WAIT,268.46,257.48,0.0409,60,60.8,69,,,NORMAL,0.85,false,
2026-05-21,MA,WAIT,499.62,482.58,0.0341,60,48.9,69,,,NORMAL,0.85,false,
2026-05-21,WM,BUY,217.75,212.07,0.0261,60,41.1,66,,,NORMAL,0.85,false,
2026-05-21,MU,WAIT,762.10,648.15,0.1495,60,66.9,33,,,NORMAL,0.85,false,
2026-05-21,ASML,WAIT,1372.41,1254.58,0.0859,60,59.4,54,,,NORMAL,0.85,false,
2026-05-21,AVGO,WAIT,414.57,386.61,0.0674,60,53.3,12,,,NORMAL,0.85,false,
2026-05-21,CTAS,WAIT,172.36,166.23,0.0356,60,51.0,55,,,NORMAL,0.85,false,
2026-05-21,VST,WAIT,149.08,137.86,0.0753,60,48.7,76,,,NORMAL,0.85,false,
2026-05-21,CEG,WAIT,285.83,262.06,0.0831,60,47.7,76,,,NORMAL,0.85,false,
2026-05-21,LDO.MI,WAIT,54.02,51.46,0.0475,60,48.3,,,,NORMAL,0.85,false,
2026-05-21,TSLA,WAIT,417.76,393.64,0.0577,60,55.3,61,,,NORMAL,0.85,false,
2026-05-21,ADP,WAIT,220.07,208.25,0.0537,60,61.0,68,,,NORMAL,0.85,false,
2026-05-21,LLY,WAIT,1041.90,968.52,0.0704,60,65.1,75,,,NORMAL,0.85,false,
2026-05-21,LIN,WAIT,514.51,497.54,0.0330,60,58.4,77,,,NORMAL,0.85,false,
2026-05-21,WMT,WAIT,121.32,107.30,0.1155,60,35.2,90,,,NORMAL,0.85,false,
2026-05-21,PLTR,WAIT,137.41,128.74,0.0631,60,48.2,73,,,NORMAL,0.85,false,
2026-05-21,AMD,WAIT,449.51,391.03,0.1301,60,69.9,74,,,NORMAL,0.85,false,
2026-05-21,INTC,WAIT,118.50,102.91,0.1315,60,67.4,62,,,NORMAL,0.85,false,
2026-05-21,SNDK,WAIT,1542.24,1300.71,0.1566,60,69.1,83,,,NORMAL,0.85,false,
2026-05-21,ENGN,WAIT,1.73,1.28,0.2596,60,26.7,20,,,BREAKDOWN,0.75,false,
2026-05-21,GDC,WAIT,0.11,0.09,0.1958,60,30.5,-1,,,BREAKDOWN,0.75,false,
2026-05-21,HUBS,WAIT,198.37,162.77,0.1794,60,42.6,75,,,NORMAL,0.85,false,
2026-05-21,CRWD,WAIT,648.23,602.71,0.0702,60,85.7,12,,,NORMAL,0.85,false,
2026-05-21,CSCO,WAIT,118.20,108.40,0.0829,60,79.5,82,,,NORMAL,0.85,false,
2026-05-21,IONQ,WAIT,58.89,49.88,0.1529,60,65.1,75,,,NORMAL,0.85,false,
2026-05-21,AMAT,WAIT,427.36,394.51,0.0769,60,56.4,83,,,NORMAL,0.85,false,
2026-05-21,ANET,WAIT,148.59,134.56,0.0944,60,49.2,74,,,NORMAL,0.85,false,
2026-05-21,FIX,WAIT,1833.99,1674.17,0.0871,60,50.8,62,,,NORMAL,0.85,false,
2026-05-21,RKLB,WAIT,125.45,104.56,0.1665,60,64.6,76,,,NORMAL,0.85,false,
2026-05-21,ASTS,WAIT,96.23,80.22,0.1664,60,62.6,80,,,NORMAL,0.85,false,
2026-05-21,IRDM,WAIT,45.70,42.17,0.0772,60,68.2,62,,,NORMAL,0.85,false,
2026-05-21,SATS,WAIT,128.44,116.29,0.0946,60,50.2,69,,,NORMAL,0.85,false,
2026-05-21,NOK,WAIT,14.18,12.65,0.1081,60,65.0,62,,,NORMAL,0.85,false,
2026-05-21,GLW,WAIT,192.04,165.52,0.1381,60,57.8,74,,,NORMAL,0.85,false,
2026-05-21,MSA,WAIT,168.55,162.49,0.0359,60,47.6,73,,,NORMAL,0.85,false,
2026-05-21,DELL,WAIT,252.86,227.03,0.1021,60,65.8,6,,,NORMAL,0.85,false,
2026-05-21,ETN,WAIT,381.51,347.26,0.0898,60,42.7,74,,,NORMAL,0.85,false,
2026-05-21,AMKR,WAIT,65.90,57.01,0.1350,60,46.4,66,,,NORMAL,0.85,false,
2026-05-22,NVDA,WAIT,215.33,202.12,0.0613,60,53.7,95,,,NORMAL,0.85,false,
2026-05-22,MSFT,WAIT,418.57,404.27,0.0342,60,54.4,67,,,NORMAL,0.85,false,
2026-05-22,GOOGL,WAIT,382.97,363.05,0.0520,60,57.5,60,,,NORMAL,0.85,false,
2026-05-22,META,WAIT,610.26,580.78,0.0483,60,45.3,67,,,NORMAL,0.85,false,
2026-05-22,AMZN,WAIT,266.32,257.05,0.0348,60,58.0,68,,,NORMAL,0.85,false,
2026-05-22,MA,WAIT,498.54,481.55,0.0341,60,48.2,68,,,NORMAL,0.85,false,
2026-05-22,WM,BUY,217.90,212.28,0.0258,60,41.3,65,,,NORMAL,0.85,false,
2026-05-22,MU,WAIT,751.00,642.67,0.1443,60,65.1,32,,,NORMAL,0.85,false,
2026-05-22,ASML,WAIT,1407.67,1286.95,0.0858,60,62.1,53,,,NORMAL,0.85,false,
2026-05-22,AVGO,WAIT,414.14,387.72,0.0638,60,53.1,11,,,NORMAL,0.85,false,
2026-05-22,CTAS,WAIT,172.93,166.89,0.0349,60,52.0,54,,,NORMAL,0.85,false,
2026-05-22,VST,WAIT,156.27,144.92,0.0726,60,55.0,75,,,NORMAL,0.85,false,
2026-05-22,CEG,WAIT,294.07,271.96,0.0752,60,51.7,75,,,NORMAL,0.85,false,
2026-05-22,LDO.MI,WAIT,54.02,51.39,0.0487,60,44.1,,,,NORMAL,0.85,false,
2026-05-22,TSLA,WAIT,426.01,400.22,0.0605,60,58.3,60,,,NORMAL,0.85,false,
2026-05-22,ADP,WAIT,225.31,212.38,0.0574,60,65.5,67,,,NORMAL,0.85,false,
2026-05-22,LLY,WAIT,1065.00,995.17,0.0656,60,68.3,74,,,NORMAL,0.85,false,
2026-05-22,LIN,BUY,517.58,506.84,0.0208,60,60.3,76,,,NORMAL,0.85,false,
2026-05-22,WMT,WAIT,120.27,112.24,0.0667,60,33.9,89,,,NORMAL,0.85,false,
2026-05-22,PLTR,WAIT,136.88,129.50,0.0539,60,47.5,72,,,NORMAL,0.85,false,
2026-05-22,AMD,WAIT,467.51,408.73,0.1257,60,72.6,73,,,NORMAL,0.85,false,
2026-05-22,INTC,WAIT,119.84,106.25,0.1134,60,68.2,61,,,NORMAL,0.85,false,
2026-05-22,SNDK,WAIT,1478.69,1256.18,0.1505,60,63.9,82,,,NORMAL,0.85,false,
2026-05-22,HUBS,WAIT,201.97,167.10,0.1727,60,44.5,74,,,NORMAL,0.85,false,
2026-05-22,CRWD,WAIT,663.46,616.07,0.0714,60,86.9,11,,,NORMAL,0.85,false,
2026-05-22,CSCO,WAIT,120.41,110.61,0.0814,60,80.8,81,,,NORMAL,0.85,false,
2026-05-22,ALP,WAIT,0.36,0.29,0.1953,60,60.9,62,,,NORMAL,0.85,false,
2026-05-22,IONQ,WAIT,63.64,53.54,0.1588,60,69.2,74,,,NORMAL,0.85,false,
2026-05-22,AMAT,WAIT,432.16,399.60,0.0753,60,57.9,82,,,NORMAL,0.85,false,
2026-05-22,ANET,WAIT,154.03,140.27,0.0894,60,53.7,73,,,NORMAL,0.85,false,
2026-05-22,FIX,WAIT,1828.27,1675.41,0.0836,60,50.2,61,,,NORMAL,0.85,false,
2026-05-22,RKLB,WAIT,135.76,112.71,0.1698,60,68.7,75,,,NORMAL,0.85,false,
2026-05-22,ASTS,WAIT,105.86,88.09,0.1679,60,67.9,79,,,NORMAL,0.85,false,
2026-05-22,IRDM,WAIT,48.84,43.67,0.1059,60,73.8,61,,,NORMAL,0.85,false,
2026-05-22,SATS,WAIT,124.20,114.12,0.0812,60,46.1,68,,,NORMAL,0.85,false,
2026-05-22,NOK,WAIT,15.47,13.43,0.1318,60,71.5,61,,,NORMAL,0.85,false,
2026-05-22,GLW,WAIT,194.05,168.71,0.1306,60,58.7,73,,,NORMAL,0.85,false,
2026-05-22,MSA,WAIT,170.95,164.65,0.0369,60,51.4,72,,,NORMAL,0.85,false,
2026-05-22,DELL,WAIT,295.22,233.17,0.2102,60,76.4,5,,,MOMENTUM,0.85,false,
2026-05-22,ETN,WAIT,391.35,366.16,0.0644,60,47.4,73,,,NORMAL,0.85,false,
2026-05-22,AMKR,WAIT,65.75,57.48,0.1258,60,46.2,65,,,NORMAL,0.85,false,
2026-05-22,ICHR,WAIT,68.96,61.18,0.1129,60,53.8,72,,,NORMAL,0.85,false,
2026-05-22,IBM,WAIT,253.84,239.45,0.0567,60,66.0,60,,,NORMAL,0.85,false,
2026-05-25,NVDA,WAIT,215.33,202.23,0.0608,60,53.7,92,,,NORMAL,0.85,false,
2026-05-25,MSFT,WAIT,418.57,404.40,0.0338,60,54.4,64,,,NORMAL,0.85,false,
2026-05-25,GOOGL,WAIT,382.97,361.23,0.0568,60,57.5,57,,,NORMAL,0.85,false,
2026-05-25,META,WAIT,610.26,580.95,0.0480,60,45.3,64,,,NORMAL,0.85,false,
2026-05-25,AMZN,WAIT,266.32,256.34,0.0375,60,58.0,65,,,NORMAL,0.85,false,
2026-05-25,MA,WAIT,498.54,481.35,0.0345,60,48.2,65,,,NORMAL,0.85,false,
2026-05-25,WM,BUY,217.90,212.11,0.0266,60,41.3,62,,,NORMAL,0.85,false,
2026-05-25,MU,WAIT,751.00,646.73,0.1388,60,65.1,29,,,NORMAL,0.85,false,
2026-05-25,ASML,WAIT,1407.67,1286.96,0.0858,60,62.1,50,,,NORMAL,0.85,false,
2026-05-25,AVGO,WAIT,414.14,387.83,0.0635,60,53.1,8,,,NORMAL,0.85,false,
2026-05-25,CTAS,WAIT,172.93,166.71,0.0360,60,52.0,51,,,NORMAL,0.85,false,
2026-05-25,VST,WAIT,156.27,144.98,0.0723,60,55.0,72,,,NORMAL,0.85,false,
2026-05-25,CEG,WAIT,294.07,272.51,0.0733,60,51.7,72,,,NORMAL,0.85,false,
2026-05-25,LDO.MI,WAIT,54.02,51.34,0.0496,60,45.5,,,,NORMAL,0.85,false,
2026-05-25,TSLA,WAIT,426.01,398.16,0.0654,60,58.3,57,,,NORMAL,0.85,false,
2026-05-25,ADP,WAIT,225.31,212.82,0.0554,60,65.5,64,,,NORMAL,0.85,false,
2026-05-25,LLY,WAIT,1065.00,994.03,0.0666,60,68.3,71,,,NORMAL,0.85,false,
2026-05-25,LIN,BUY,517.58,507.26,0.0199,60,60.3,73,,,NORMAL,0.85,false,
2026-05-25,WMT,WAIT,120.27,112.40,0.0655,60,33.9,86,,,NORMAL,0.85,false,
2026-05-25,PLTR,WAIT,136.88,128.92,0.0581,60,47.5,69,,,NORMAL,0.85,false,
2026-05-25,AMD,WAIT,467.51,409.23,0.1247,60,72.6,70,,,NORMAL,0.85,false,
2026-05-25,INTC,WAIT,119.84,105.34,0.1210,60,68.2,58,,,NORMAL,0.85,false,
2026-05-25,SNDK,WAIT,1478.68,1252.16,0.1532,60,63.9,79,,,NORMAL,0.85,false,
2026-05-25,HUBS,WAIT,201.97,166.01,0.1781,60,44.5,71,,,NORMAL,0.85,false,
2026-05-25,CRWD,WAIT,663.46,618.13,0.0683,60,86.9,8,,,NORMAL,0.85,false,
2026-05-25,CSCO,WAIT,120.41,110.65,0.0810,60,80.8,78,,,NORMAL,0.85,false,
2026-05-25,ALP,WAIT,0.36,0.30,0.1863,60,60.9,59,,,NORMAL,0.85,false,
2026-05-25,IONQ,WAIT,63.64,53.77,0.1551,60,69.2,71,,,NORMAL,0.85,false,
2026-05-25,AMAT,WAIT,432.16,400.30,0.0737,60,57.9,79,,,NORMAL,0.85,false,
2026-05-25,ANET,WAIT,154.03,140.02,0.0910,60,53.7,70,,,NORMAL,0.85,false,
2026-05-25,FIX,WAIT,1828.27,1683.24,0.0793,60,50.2,58,,,NORMAL,0.85,false,
2026-05-25,RKLB,WAIT,135.76,113.28,0.1656,60,68.7,72,,,NORMAL,0.85,false,
2026-05-25,ASTS,WAIT,105.86,88.26,0.1663,60,67.9,76,,,NORMAL,0.85,false,
2026-05-25,IRDM,WAIT,48.84,43.40,0.1114,60,73.8,58,,,NORMAL,0.85,false,
2026-05-25,SATS,WAIT,124.20,113.82,0.0836,60,46.1,65,,,NORMAL,0.85,false,
2026-05-25,NOK,WAIT,15.47,13.28,0.1418,60,71.5,58,,,NORMAL,0.85,false,
2026-05-25,GLW,WAIT,194.05,169.70,0.1255,60,58.7,70,,,NORMAL,0.85,false,
2026-05-25,MSA,WAIT,170.95,164.98,0.0349,60,51.4,69,,,NORMAL,0.85,false,
2026-05-25,DELL,WAIT,295.22,254.04,0.1395,60,76.4,2,,,MOMENTUM,0.80,false,
2026-05-25,ETN,WAIT,391.35,366.52,0.0634,60,47.4,70,,,NORMAL,0.85,false,
2026-05-25,AMKR,WAIT,65.75,57.88,0.1197,60,46.2,62,,,NORMAL,0.85,false,
2026-05-25,ICHR,WAIT,68.96,61.31,0.1109,60,53.8,69,,,NORMAL,0.85,false,
2026-05-25,IBM,WAIT,253.84,238.59,0.0601,60,66.0,57,,,NORMAL,0.85,false,
2026-05-26,NVDA,WAIT,214.86,203.07,0.0549,60,53.3,91,,,NORMAL,0.85,false,
2026-05-26,MSFT,WAIT,416.03,401.56,0.0348,60,52.3,63,,,NORMAL,0.85,false,
2026-05-26,GOOGL,WAIT,388.88,366.57,0.0574,60,61.0,56,,,NORMAL,0.85,false,
2026-05-26,META,WAIT,612.34,582.92,0.0480,60,46.4,63,,,NORMAL,0.85,false,
2026-05-26,AMZN,WAIT,265.29,256.46,0.0333,60,56.6,64,,,NORMAL,0.85,false,
2026-05-26,MA,WAIT,493.01,475.58,0.0354,60,44.7,64,,,NORMAL,0.85,false,
2026-05-26,WM,BUY,215.48,210.05,0.0252,60,38.0,61,,,NORMAL,0.85,false,
2026-05-26,MU,WAIT,895.88,730.22,0.1849,60,74.9,28,,,NORMAL,0.85,false,
2026-05-26,ASML,WAIT,1406.92,1294.78,0.0797,60,62.0,49,,,NORMAL,0.85,false,
2026-05-26,AVGO,WAIT,422.01,393.44,0.0677,60,56.4,7,,,NORMAL,0.85,false,
2026-05-26,CTAS,WAIT,171.09,164.97,0.0357,60,48.5,50,,,NORMAL,0.85,false,
2026-05-26,VST,WAIT,164.56,151.82,0.0774,60,61.0,71,,,NORMAL,0.85,false,
2026-05-26,CEG,WAIT,301.57,279.06,0.0746,60,55.1,71,,,NORMAL,0.85,false,
2026-05-26,LDO.MI,WAIT,54.02,51.51,0.0466,60,35.8,,,,NORMAL,0.85,false,
2026-05-26,TSLA,WAIT,433.48,404.92,0.0659,60,60.8,56,,,NORMAL,0.85,false,
2026-05-26,ADP,WAIT,218.35,205.61,0.0584,60,56.1,63,,,NORMAL,0.85,false,
2026-05-26,LLY,WAIT,1067.31,999.79,0.0633,60,68.6,70,,,NORMAL,0.85,false,
2026-05-26,LIN,BUY,514.97,498.80,0.0314,60,57.9,72,,,NORMAL,0.85,false,
2026-05-26,WMT,WAIT,118.57,110.75,0.0660,60,31.8,85,,,NORMAL,0.85,false,
2026-05-26,PLTR,WAIT,136.60,129.08,0.0550,60,47.1,68,,,NORMAL,0.85,false,
2026-05-26,AMD,WAIT,503.89,438.41,0.1299,60,77.1,69,,,NORMAL,0.85,false,
2026-05-26,INTC,WAIT,123.52,107.57,0.1291,60,70.2,57,,,NORMAL,0.85,false,
2026-05-26,SNDK,WAIT,1589.05,1352.83,0.1487,60,68.3,78,,,NORMAL,0.85,false,
2026-05-26,HUBS,WAIT,197.99,163.48,0.1743,60,42.8,70,,,BREAKDOWN,0.75,false,
2026-05-26,CRWD,WAIT,671.55,627.10,0.0662,60,87.4,7,,,NORMAL,0.85,false,
2026-05-26,CSCO,WAIT,118.31,109.11,0.0778,60,75.8,77,,,NORMAL,0.85,false,
2026-05-26,IONQ,WAIT,63.62,54.07,0.1501,60,69.2,70,,,NORMAL,0.85,false,
2026-05-26,AMAT,WAIT,454.97,419.33,0.0783,60,64.3,78,,,NORMAL,0.85,false,
2026-05-26,ANET,WAIT,158.01,143.60,0.0912,60,56.7,69,,,NORMAL,0.85,false,
2026-05-26,FIX,WAIT,1884.34,1736.46,0.0785,60,55.3,57,,,NORMAL,0.85,false,
2026-05-26,RKLB,WAIT,143.20,118.88,0.1698,60,71.3,71,,,NORMAL,0.85,false,
2026-05-26,ASTS,WAIT,119.70,97.89,0.1822,60,73.8,75,,,NORMAL,0.85,false,
2026-05-26,IRDM,WAIT,50.16,45.49,0.0931,60,75.7,57,,,NORMAL,0.85,false,
2026-05-26,SATS,WAIT,123.12,113.83,0.0754,60,45.0,64,,,NORMAL,0.85,false,
2026-05-26,NOK,WAIT,16.46,14.28,0.1322,60,75.2,57,,,MOMENTUM,0.80,false,
2026-05-26,GLW,WAIT,196.18,170.74,0.1297,60,59.6,69,,,NORMAL,0.85,false,
2026-05-26,MSA,BUY,173.23,169.00,0.0244,60,54.7,68,,,NORMAL,0.85,false,
2026-05-26,DELL,WAIT,305.07,272.15,0.1079,60,78.2,1,,,MOMENTUM,0.80,false,
2026-05-26,ETN,WAIT,403.13,376.10,0.0671,60,52.5,69,,,NORMAL,0.85,false,
2026-05-26,AMKR,WAIT,73.46,64.96,0.1157,60,57.7,61,,,NORMAL,0.85,false,
2026-05-26,ICHR,WAIT,72.73,64.66,0.1109,60,58.9,68,,,NORMAL,0.85,false,
2026-05-26,IBM,WAIT,250.69,235.20,0.0618,60,63.0,56,,,NORMAL,0.85,false,
2026-05-27,NVDA,WAIT,212.60,201.00,0.0545,60,51.0,90,,,NORMAL,0.85,false,
2026-05-27,MSFT,WAIT,412.67,398.74,0.0338,60,49.6,62,,,NORMAL,0.85,false,
2026-05-27,GOOGL,WAIT,388.83,366.70,0.0569,60,61.0,55,,,NORMAL,0.85,false,
2026-05-27,META,WAIT,635.25,599.46,0.0563,60,56.9,62,,,NORMAL,0.85,false,
2026-05-27,AMZN,WAIT,271.85,261.25,0.0390,60,62.7,63,,,NORMAL,0.85,false,
2026-05-27,MA,WAIT,495.04,477.76,0.0349,60,46.2,63,,,NORMAL,0.85,false,
2026-05-27,WM,BUY,215.59,210.33,0.0244,60,38.3,60,,,NORMAL,0.85,false,
2026-05-27,MU,WAIT,928.41,777.07,0.1630,60,76.5,27,,,MOMENTUM,0.85,false,
2026-05-27,ASML,WAIT,1377.47,1267.78,0.0796,60,58.2,48,,,NORMAL,0.85,false,
2026-05-27,AVGO,WAIT,421.86,395.89,0.0616,60,56.4,6,,,NORMAL,0.85,false,
2026-05-27,CTAS,WAIT,169.86,164.21,0.0332,60,46.2,49,,,NORMAL,0.85,false,
2026-05-27,VST,WAIT,160.15,148.17,0.0748,60,56.7,70,,,NORMAL,0.85,false,
2026-05-27,CEG,WAIT,288.68,266.84,0.0756,60,48.8,70,,,NORMAL,0.85,false,
2026-05-27,LDO.MI,WAIT,54.02,51.45,0.0477,60,41.6,,,,NORMAL,0.85,false,
2026-05-27,TSLA,WAIT,440.36,410.49,0.0678,60,63.0,55,,,NORMAL,0.85,false,
2026-05-27,ADP,WAIT,217.65,204.85,0.0588,60,55.3,62,,,NORMAL,0.85,false,
2026-05-27,LLY,WAIT,1083.73,1013.19,0.0651,60,70.7,69,,,NORMAL,0.85,false,
2026-05-27,LIN,BUY,507.87,491.77,0.0317,60,51.8,71,,,NORMAL,0.85,false,
2026-05-27,WMT,WAIT,118.54,110.68,0.0663,60,31.7,84,,,NORMAL,0.85,false,
2026-05-27,PLTR,WAIT,132.51,124.01,0.0642,60,41.4,67,,,NORMAL,0.85,false,
2026-05-27,AMD,WAIT,495.54,436.28,0.1196,60,74.1,68,,,NORMAL,0.85,false,
2026-05-27,INTC,WAIT,121.77,106.19,0.1280,60,68.0,56,,,NORMAL,0.85,false,
2026-05-27,SNDK,WAIT,1589.94,1366.04,0.1408,60,68.4,77,,,NORMAL,0.85,false,
2026-05-27,HUBS,WAIT,200.72,174.03,0.1330,60,44.3,69,,,BREAKDOWN,0.75,false,
2026-05-27,CRWD,WAIT,645.36,594.89,0.0782,60,75.8,6,,,NORMAL,0.85,false,
2026-05-27,CSCO,WAIT,119.67,110.33,0.0781,60,76.8,76,,,NORMAL,0.85,false,
2026-05-27,ALP,WAIT,0.45,0.35,0.2078,60,69.7,57,,,NORMAL,0.85,false,
2026-05-27,IONQ,WAIT,65.40,55.71,0.1481,60,70.7,69,,,NORMAL,0.85,false,
2026-05-27,AMAT,WAIT,448.25,415.43,0.0732,60,61.3,77,,,NORMAL,0.85,false,
2026-05-27,ANET,WAIT,154.31,140.50,0.0895,60,53.2,68,,,NORMAL,0.85,false,
2026-05-27,FIX,WAIT,1868.18,1705.71,0.0870,60,53.5,56,,,NORMAL,0.85,false,
2026-05-27,RKLB,WAIT,150.23,125.63,0.1637,60,73.6,70,,,NORMAL,0.85,false,
2026-05-27,ASTS,WAIT,129.60,107.39,0.1713,60,77.0,74,,,SQUEEZE_RISK,0.65,false,
2026-05-27,IRDM,WAIT,51.39,46.48,0.0955,60,77.4,56,,,NORMAL,0.85,false,
2026-05-27,SATS,WAIT,122.46,113.01,0.0772,60,44.4,63,,,NORMAL,0.85,false,
2026-05-27,NOK,WAIT,15.63,13.49,0.1370,60,67.2,56,,,NORMAL,0.85,false,
2026-05-27,GLW,WAIT,190.89,168.74,0.1161,60,56.2,68,,,NORMAL,0.85,false,
2026-05-27,MSA,BUY,171.70,166.19,0.0321,60,52.1,67,,,NORMAL,0.85,false,
2026-05-27,DELL,WAIT,305.02,277.02,0.0918,60,78.1,0,,,NORMAL,0.85,false,
2026-05-27,ETN,WAIT,406.37,380.39,0.0639,60,53.8,68,,,NORMAL,0.85,false,
2026-05-27,AMKR,WAIT,72.19,65.08,0.0985,60,55.6,60,,,NORMAL,0.85,false,
2026-05-27,ICHR,WAIT,73.74,65.84,0.1071,60,60.2,67,,,NORMAL,0.85,false,
2026-05-27,IBM,WAIT,255.20,239.92,0.0599,60,65.4,55,,,NORMAL,0.85,false,
2026-05-28,NVDA,WAIT,214.25,202.70,0.0539,60,52.6,89,,,NORMAL,0.85,false,
2026-05-28,MSFT,WAIT,426.99,412.71,0.0334,60,59.3,61,,,NORMAL,0.85,false,
2026-05-28,GOOGL,WAIT,390.13,367.23,0.0587,60,61.8,54,,,NORMAL,0.85,false,
2026-05-28,META,WAIT,635.29,600.68,0.0545,60,56.9,61,,,NORMAL,0.85,false,
2026-05-28,AMZN,WAIT,274.00,266.81,0.0262,60,64.4,62,,,NORMAL,0.85,false,
2026-05-28,MA,WAIT,493.75,479.30,0.0293,60,45.4,62,,,NORMAL,0.85,false,
2026-05-28,WM,BUY,214.40,209.35,0.0235,60,36.6,59,,,NORMAL,0.85,false,
2026-05-28,MU,WAIT,923.52,777.43,0.1582,60,75.7,26,,,NORMAL,0.85,false,
2026-05-28,ASML,WAIT,1384.28,1274.49,0.0793,60,58.8,47,,,NORMAL,0.85,false,
2026-05-28,AVGO,WAIT,426.58,400.41,0.0613,60,58.4,5,,,NORMAL,0.85,false,
2026-05-28,CTAS,WAIT,173.06,168.51,0.0263,60,52.5,48,,,NORMAL,0.85,false,
2026-05-28,VST,WAIT,160.28,148.85,0.0713,60,56.8,69,,,NORMAL,0.85,false,
2026-05-28,CEG,WAIT,286.31,265.19,0.0738,60,47.7,69,,,NORMAL,0.85,false,
2026-05-28,LDO.MI,WAIT,54.02,51.22,0.0520,60,53.5,,,,NORMAL,0.85,false,
2026-05-28,TSLA,WAIT,442.10,412.62,0.0667,60,63.6,54,,,NORMAL,0.85,false,
2026-05-28,ADP,WAIT,219.86,212.81,0.0321,60,57.5,61,,,NORMAL,0.85,false,
2026-05-28,LLY,WAIT,1127.56,1048.11,0.0705,60,75.6,68,,,NORMAL,0.85,false,
2026-05-28,LIN,BUY,501.98,487.23,0.0294,60,47.3,70,,,NORMAL,0.85,false,
2026-05-28,WMT,WAIT,118.90,111.16,0.0651,60,32.8,83,,,NORMAL,0.85,false,
2026-05-28,PLTR,WAIT,143.34,132.55,0.0753,60,56.4,66,,,NORMAL,0.85,false,
2026-05-28,AMD,WAIT,518.09,455.51,0.1208,60,76.7,67,,,NORMAL,0.85,false,
2026-05-28,INTC,WAIT,120.89,106.96,0.1153,60,66.8,55,,,NORMAL,0.85,false,
2026-05-28,SNDK,WAIT,1641.64,1407.89,0.1424,60,70.3,76,,,NORMAL,0.85,false,
2026-05-28,HUBS,WAIT,198.80,173.60,0.1268,60,43.4,68,,,BREAKDOWN,0.75,false,
2026-05-28,CRWD,WAIT,671.00,618.57,0.0781,60,78.8,5,,,NORMAL,0.85,false,
2026-05-28,CSCO,WAIT,118.64,109.57,0.0764,60,74.2,75,,,NORMAL,0.85,false,
2026-05-28,ALP,WAIT,0.44,0.35,0.2041,60,68.2,56,,,NORMAL,0.85,false,
2026-05-28,IONQ,WAIT,70.14,59.42,0.1529,60,74.2,68,,,NORMAL,0.85,false,
2026-05-28,AMAT,WAIT,449.68,416.92,0.0729,60,61.7,76,,,NORMAL,0.85,false,
2026-05-28,ANET,WAIT,155.27,141.43,0.0891,60,54.0,67,,,NORMAL,0.85,false,
2026-05-28,FIX,WAIT,1856.16,1688.68,0.0902,60,52.2,55,,,NORMAL,0.85,false,
2026-05-28,RKLB,WAIT,148.03,123.96,0.1626,60,71.7,69,,,NORMAL,0.85,false,
2026-05-28,ASTS,WAIT,133.09,110.90,0.1667,60,78.0,73,,,NORMAL,0.85,false,
2026-05-28,IRDM,WAIT,51.26,46.74,0.0882,60,76.8,55,,,NORMAL,0.85,false,
2026-05-28,SATS,WAIT,131.07,118.82,0.0935,60,53.7,62,,,NORMAL,0.85,false,
2026-05-28,NOK,WAIT,15.28,13.48,0.1177,60,64.1,55,,,NORMAL,0.85,false,
2026-05-28,GLW,WAIT,182.94,161.27,0.1185,60,51.4,67,,,NORMAL,0.85,false,
2026-05-28,MSA,BUY,170.21,164.90,0.0312,60,49.7,66,,,NORMAL,0.85,false,
2026-05-28,DELL,WAIT,318.01,285.64,0.1018,60,80.2,-1,,,MOMENTUM,0.85,false,
2026-05-28,ETN,WAIT,401.94,376.25,0.0639,60,51.7,67,,,NORMAL,0.85,false,
2026-05-28,AMKR,WAIT,70.58,63.59,0.0990,60,53.0,59,,,NORMAL,0.85,false,
2026-05-28,ICHR,WAIT,70.15,62.51,0.1089,60,53.8,66,,,NORMAL,0.85,false,
2026-05-28,IBM,WAIT,264.22,247.63,0.0628,60,69.8,54,,,NORMAL,0.85,false,
2026-05-29,NVDA,WAIT,211.14,199.97,0.0529,60,49.4,88,,,NORMAL,0.85,false,
2026-05-29,MSFT,WAIT,450.24,430.21,0.0445,60,69.6,60,,,NORMAL,0.85,false,
2026-05-29,GOOGL,WAIT,380.34,361.93,0.0484,60,52.9,53,,,NORMAL,0.85,false,
2026-05-29,META,BUY,632.51,618.60,0.0220,60,55.4,60,,,NORMAL,0.85,false,
2026-05-29,AMZN,WAIT,270.64,260.66,0.0369,60,59.7,61,,,NORMAL,0.85,false,
2026-05-29,MA,BUY,493.98,482.35,0.0235,60,45.6,61,,,NORMAL,0.85,false,
2026-05-29,WM,BUY,211.46,206.41,0.0239,60,32.8,58,,,NORMAL,0.85,false,
2026-05-29,MU,WAIT,971.00,815.24,0.1604,60,78.0,25,,,NORMAL,0.85,false,
2026-05-29,ASML,WAIT,1390.31,1276.08,0.0822,60,59.4,46,,,NORMAL,0.85,false,
2026-05-29,AVGO,WAIT,446.77,412.76,0.0761,60,65.9,4,,,NORMAL,0.85,false,
2026-05-29,CTAS,WAIT,171.26,165.03,0.0364,60,49.0,47,,,NORMAL,0.85,false,
2026-05-29,VST,WAIT,160.23,148.48,0.0733,60,56.7,68,,,NORMAL,0.85,false,
2026-05-29,CEG,WAIT,287.75,267.35,0.0709,60,48.4,68,,,NORMAL,0.85,false,
2026-05-29,LDO.MI,WAIT,54.02,51.16,0.0530,60,53.5,,,,NORMAL,0.85,false,
2026-05-29,TSLA,WAIT,435.79,407.10,0.0658,60,60.0,53,,,NORMAL,0.85,false,
2026-05-29,ADP,WAIT,221.84,215.04,0.0306,60,59.4,60,,,NORMAL,0.85,false,
2026-05-29,LLY,WAIT,1105.44,1058.98,0.0420,60,69.5,67,,,NORMAL,0.85,false,
2026-05-29,LIN,BUY,497.69,483.46,0.0286,60,44.4,69,,,NORMAL,0.85,false,
2026-05-29,WMT,WAIT,115.75,107.77,0.0690,60,28.7,82,,,OVERSOLD_REVERSAL,0.75,false,
2026-05-29,PLTR,WAIT,156.54,142.56,0.0893,60,67.4,65,,,NORMAL,0.85,false,
2026-05-29,AMD,WAIT,516.10,452.96,0.1223,60,76.0,66,,,NORMAL,0.85,false,
2026-05-29,INTC,WAIT,114.68,98.81,0.1384,60,59.2,54,,,NORMAL,0.85,false,
2026-05-29,SNDK,WAIT,1694.98,1451.44,0.1437,60,72.2,75,,,NORMAL,0.85,false,
2026-05-29,HUBS,WAIT,220.63,188.10,0.1474,60,54.6,67,,,NORMAL,0.85,false,
2026-05-29,CRWD,WAIT,731.00,656.62,0.1018,60,83.8,4,,,MOMENTUM,0.85,false,
2026-05-29,CSCO,WAIT,120.42,111.17,0.0768,60,75.7,74,,,NORMAL,0.85,false,
2026-05-29,IONQ,WAIT,72.07,61.29,0.1496,60,75.5,67,,,NORMAL,0.85,false,
2026-05-29,AMAT,WAIT,450.06,416.26,0.0751,60,61.9,75,,,NORMAL,0.85,false,
2026-05-29,ANET,WAIT,159.47,144.49,0.0940,60,57.4,66,,,NORMAL,0.85,false,
2026-05-29,FIX,WAIT,1829.28,1660.29,0.0924,60,49.4,54,,,NORMAL,0.85,false,
2026-05-29,RKLB,WAIT,143.48,119.99,0.1637,60,67.8,68,,,NORMAL,0.85,false,
2026-05-29,ASTS,WAIT,113.41,91.08,0.1969,60,61.4,72,,,NORMAL,0.85,false,
2026-05-29,IRDM,WAIT,51.78,47.11,0.0902,60,77.5,54,,,NORMAL,0.85,false,
2026-05-29,SATS,WAIT,129.19,118.39,0.0836,60,51.7,61,,,NORMAL,0.85,false,
2026-05-29,NOK,WAIT,14.85,13.07,0.1197,60,60.3,54,,,NORMAL,0.85,false,
2026-05-29,GLW,WAIT,181.29,160.20,0.1163,60,50.4,66,,,NORMAL,0.85,false,
2026-05-29,MSA,WAIT,165.80,159.24,0.0396,60,43.2,65,,,NORMAL,0.85,false,
2026-05-29,ETN,WAIT,400.60,376.97,0.0590,60,51.0,66,,,NORMAL,0.85,false,
2026-05-29,AMKR,WAIT,69.56,62.37,0.1033,60,51.3,58,,,NORMAL,0.85,false,
2026-05-29,ICHR,WAIT,71.52,63.71,0.1092,60,55.7,65,,,NORMAL,0.85,false,
2026-05-29,IBM,WAIT,297.80,261.86,0.1207,60,79.9,53,,,MOMENTUM,0.85,false,
2026-06-01,NVDA,WAIT,224.36,207.39,0.0756,60,60.4,85,,,NORMAL,0.85,false,
2026-06-01,MSFT,WAIT,460.52,442.56,0.0390,60,72.9,57,,,NORMAL,0.85,false,
2026-06-01,GOOGL,WAIT,376.37,357.76,0.0494,60,49.8,50,,,NORMAL,0.85,false,
2026-06-01,META,WAIT,600.47,569.04,0.0523,60,41.6,57,,,NORMAL,0.85,false,
2026-06-01,AMZN,WAIT,261.26,248.92,0.0472,60,48.9,58,,,NORMAL,0.85,false,
2026-06-01,MA,BUY,495.25,482.66,0.0254,60,46.7,58,,,NORMAL,0.85,false,
2026-06-01,WM,BUY,212.51,207.44,0.0238,60,35.4,55,,,NORMAL,0.85,false,
2026-06-01,MU,WAIT,1035.50,859.70,0.1698,60,80.7,22,,,NORMAL,0.85,false,
2026-06-01,ASML,WAIT,1391.94,1278.49,0.0815,60,60.8,43,,,NORMAL,0.85,false,
2026-06-01,AVGO,WAIT,459.97,427.33,0.0710,60,69.7,1,,,NORMAL,0.85,false,
2026-06-01,CTAS,WAIT,172.90,167.03,0.0340,60,52.1,44,,,NORMAL,0.85,false,
2026-06-01,VST,WAIT,154.76,143.43,0.0732,60,51.1,65,,,NORMAL,0.85,false,
2026-06-01,CEG,WAIT,265.70,234.97,0.1156,60,39.2,65,,,BREAKDOWN,0.75,false,
2026-06-01,LDO.MI,WAIT,54.02,51.17,0.0529,60,69.8,,,,NORMAL,0.85,false,
2026-06-01,TSLA,WAIT,415.88,384.54,0.0754,60,50.4,50,,,NORMAL,0.85,false,
2026-06-01,ADP,WAIT,233.74,219.96,0.0590,60,68.7,57,,,NORMAL,0.85,false,
2026-06-01,LLY,WAIT,1081.96,1038.92,0.0398,60,63.5,64,,,NORMAL,0.85,false,
2026-06-01,LIN,BUY,497.41,483.20,0.0286,60,44.2,66,,,NORMAL,0.85,false,
2026-06-01,WMT,WAIT,114.60,107.38,0.0630,60,27.4,79,,,OVERSOLD_REVERSAL,0.75,false,
2026-06-01,PLTR,WAIT,160.65,146.51,0.0880,60,70.0,62,,,NORMAL,0.85,false,
2026-06-01,AMD,WAIT,510.13,446.81,0.1241,60,73.7,63,,,NORMAL,0.85,false,
2026-06-01,INTC,WAIT,109.33,89.67,0.1798,60,53.5,51,,,NORMAL,0.85,false,
2026-06-01,SNDK,WAIT,1761.43,1510.03,0.1427,60,74.4,72,,,NORMAL,0.85,false,
2026-06-01,HUBS,WAIT,262.13,215.60,0.1775,60,67.7,64,,,NORMAL,0.85,false,
2026-06-01,CRWD,WAIT,782.17,708.43,0.0943,60,86.7,1,,,MOMENTUM,0.85,false,
2026-06-01,CSCO,WAIT,121.33,111.76,0.0789,60,76.5,71,,,NORMAL,0.85,false,
2026-06-01,ALP,WAIT,0.37,0.29,0.2152,60,54.1,52,,,NORMAL,0.85,false,
2026-06-01,IONQ,WAIT,69.28,58.76,0.1518,60,70.0,64,,,NORMAL,0.85,false,
2026-06-01,AMAT,WAIT,458.17,423.57,0.0755,60,64.3,72,,,NORMAL,0.85,false,
2026-06-01,ANET,WAIT,170.68,153.68,0.0996,60,64.9,63,,,NORMAL,0.85,false,
2026-06-01,FIX,WAIT,1786.67,1556.54,0.1288,60,45.4,51,,,NORMAL,0.85,false,
2026-06-01,RKLB,WAIT,122.39,100.81,0.1763,60,53.4,65,,,NORMAL,0.85,false,
2026-06-01,ASTS,WAIT,105.65,85.74,0.1885,60,56.3,69,,,NORMAL,0.85,false,
2026-06-01,IRDM,WAIT,47.81,42.15,0.1184,60,61.3,51,,,NORMAL,0.85,false,
2026-06-01,SATS,WAIT,127.42,115.87,0.0906,60,49.8,58,,,NORMAL,0.85,false,
2026-06-01,NOK,WAIT,16.24,13.76,0.1526,60,67.0,51,,,NORMAL,0.85,false,
2026-06-01,GLW,WAIT,176.61,148.14,0.1612,60,47.8,63,,,NORMAL,0.85,false,
2026-06-01,MSA,WAIT,163.13,157.31,0.0357,60,39.8,62,,,NORMAL,0.85,false,
2026-06-01,DELL,WAIT,466.02,379.51,0.1856,60,91.3,86,,,MOMENTUM,0.85,false,
2026-06-01,ETN,WAIT,400.08,376.01,0.0602,60,50.8,63,,,NORMAL,0.85,false,
2026-06-01,AMKR,WAIT,72.75,64.49,0.1136,60,56.0,55,,,NORMAL,0.85,false,
2026-06-01,ICHR,WAIT,70.01,62.22,0.1113,60,53.1,62,,,NORMAL,0.85,false,
2026-06-01,IBM,WAIT,320.42,284.64,0.1117,60,83.8,50,,,MOMENTUM,0.85,false,
2026-06-02,NVDA,WAIT,222.82,209.15,0.0614,60,58.8,84,,,NORMAL,0.85,false,
2026-06-02,MSFT,WAIT,441.31,413.76,0.0624,60,59.9,56,,,NORMAL,0.85,false,
2026-06-02,GOOGL,WAIT,361.85,334.57,0.0754,60,40.4,49,,,NORMAL,0.85,false,
2026-06-02,META,WAIT,597.63,572.09,0.0427,60,40.7,56,,,NORMAL,0.85,false,
2026-06-02,AMZN,WAIT,256.52,245.44,0.0432,60,44.6,57,,,NORMAL,0.85,false,
2026-06-02,MA,WAIT,477.68,458.60,0.0399,60,35.5,57,,,NORMAL,0.85,false,
2026-06-02,WM,BUY,211.93,206.65,0.0249,60,34.6,54,,,NORMAL,0.85,false,
2026-06-02,MU,WAIT,1064.10,893.97,0.1599,60,81.8,21,,,NORMAL,0.85,false,
2026-06-02,ASML,WAIT,1470.15,1345.30,0.0849,60,66.7,42,,,NORMAL,0.85,false,
2026-06-02,AVGO,WAIT,481.57,444.17,0.0777,60,74.7,0,,,NORMAL,0.85,false,
2026-06-02,CTAS,WAIT,173.31,167.62,0.0328,60,52.9,43,,,NORMAL,0.85,false,
2026-06-02,VST,WAIT,157.97,146.02,0.0757,60,54.0,64,,,NORMAL,0.85,false,
2026-06-02,CEG,WAIT,272.65,242.09,0.1121,60,42.9,64,,,BREAKDOWN,0.75,false,
2026-06-02,LDO.MI,WAIT,54.02,51.16,0.0530,60,69.8,,,,NORMAL,0.85,false,
2026-06-02,TSLA,WAIT,423.74,394.63,0.0687,60,53.6,49,,,NORMAL,0.85,false,
2026-06-02,ADP,WAIT,231.18,218.20,0.0561,60,65.2,56,,,NORMAL,0.85,false,
2026-06-02,LLY,WAIT,1064.84,1011.16,0.0504,60,59.3,63,,,NORMAL,0.85,false,
2026-06-02,LIN,BUY,495.91,483.14,0.0257,60,43.1,65,,,NORMAL,0.85,false,
2026-06-02,WMT,WAIT,113.06,105.84,0.0639,60,25.7,78,,,OVERSOLD_REVERSAL,0.75,false,
2026-06-02,PLTR,WAIT,152.17,137.97,0.0933,60,59.6,61,,,NORMAL,0.85,false,
2026-06-02,AMD,WAIT,521.54,460.25,0.1175,60,75.2,62,,,NORMAL,0.85,false,
2026-06-02,INTC,WAIT,107.93,91.34,0.1537,60,52.1,50,,,NORMAL,0.85,false,
2026-06-02,SNDK,WAIT,1716.36,1483.97,0.1354,60,70.3,71,,,NORMAL,0.85,false,
2026-06-02,HUBS,WAIT,240.16,201.70,0.1601,60,58.1,63,,,NORMAL,0.85,false,
2026-06-02,CRWD,WAIT,768.95,708.21,0.0790,60,82.6,0,,,NORMAL,0.85,false,
2026-06-02,CSCO,WAIT,128.00,115.76,0.0956,60,81.1,70,,,NORMAL,0.85,false,
2026-06-02,IONQ,WAIT,71.40,60.70,0.1499,60,71.7,63,,,NORMAL,0.85,false,
2026-06-02,AMAT,WAIT,490.05,448.01,0.0858,60,71.9,71,,,NORMAL,0.85,false,
2026-06-02,ANET,WAIT,175.33,158.16,0.0979,60,67.4,62,,,NORMAL,0.85,false,
2026-06-02,FIX,WAIT,1884.81,1712.09,0.0916,60,54.7,50,,,NORMAL,0.85,false,
2026-06-02,RKLB,WAIT,123.32,103.23,0.1629,60,53.9,64,,,NORMAL,0.85,false,
2026-06-02,ASTS,WAIT,118.17,96.09,0.1868,60,61.8,68,,,NORMAL,0.85,false,
2026-06-02,IRDM,WAIT,49.60,44.96,0.0936,60,64.8,50,,,NORMAL,0.85,false,
2026-06-02,SATS,WAIT,123.55,112.01,0.0934,60,45.8,57,,,NORMAL,0.85,false,
2026-06-02,NOK,WAIT,16.83,14.63,0.1307,60,69.4,50,,,NORMAL,0.85,false,
2026-06-02,GLW,WAIT,200.40,171.35,0.1450,60,59.7,62,,,NORMAL,0.85,false,
2026-06-02,MSA,WAIT,163.27,158.46,0.0295,60,40.1,61,,,NORMAL,0.85,false,
2026-06-02,DELL,WAIT,435.39,354.05,0.1868,60,80.7,85,,,MOMENTUM,0.85,false,
2026-06-02,ETN,WAIT,417.62,388.46,0.0698,60,58.6,62,,,NORMAL,0.85,false,
2026-06-02,AMKR,WAIT,74.74,66.40,0.1116,60,58.6,54,,,NORMAL,0.85,false,
2026-06-02,ICHR,WAIT,74.95,66.83,0.1084,60,59.8,61,,,NORMAL,0.85,false,
2026-06-02,IBM,WAIT,329.23,291.52,0.1145,60,85.1,49,,,MOMENTUM,0.85,false,
2026-06-03,NVDA,WAIT,214.75,199.82,0.0695,60,51.1,83,,,NORMAL,0.85,false,
2026-06-03,MSFT,WAIT,427.34,401.56,0.0603,60,52.6,55,,,NORMAL,0.85,false,
2026-06-03,GOOGL,WAIT,358.99,332.38,0.0741,60,38.8,48,,,NORMAL,0.85,false,
2026-06-03,META,WAIT,622.98,588.80,0.0549,60,51.5,55,,,NORMAL,0.85,false,
2026-06-03,AMZN,WAIT,250.02,232.75,0.0691,60,39.4,56,,,NORMAL,0.85,false,
2026-06-03,MA,WAIT,471.55,458.36,0.0280,60,32.6,56,,,NORMAL,0.85,false,
2026-06-03,WM,BUY,218.00,211.28,0.0308,60,47.8,53,,,NORMAL,0.85,false,
2026-06-03,MU,WAIT,1079.57,909.47,0.1576,60,82.4,20,,,NORMAL,0.85,false,
2026-06-03,ASML,WAIT,1488.24,1366.16,0.0820,60,68.1,41,,,NORMAL,0.85,false,
2026-06-03,AVGO,WAIT,479.23,446.37,0.0686,60,73.3,-1,,,NORMAL,0.85,false,
2026-06-03,CTAS,BUY,174.72,170.65,0.0233,60,55.5,42,,,NORMAL,0.85,false,
2026-06-03,VST,WAIT,153.80,141.94,0.0771,60,49.9,63,,,NORMAL,0.85,false,
2026-06-03,CEG,WAIT,267.24,236.93,0.1134,60,40.8,63,,,BREAKDOWN,0.75,false,
2026-06-03,LDO.MI,WAIT,54.02,51.29,0.0505,60,54.7,,,,NORMAL,0.85,false,
2026-06-03,TSLA,WAIT,423.70,393.95,0.0702,60,53.6,48,,,NORMAL,0.85,false,
2026-06-03,ADP,WAIT,227.75,215.29,0.0547,60,60.8,55,,,NORMAL,0.85,false,
2026-06-03,LLY,WAIT,1083.23,1028.77,0.0503,60,61.5,62,,,NORMAL,0.85,false,
2026-06-03,LIN,BUY,507.57,492.38,0.0299,60,52.9,64,,,NORMAL,0.85,false,
2026-06-03,WMT,WAIT,116.89,107.70,0.0786,60,36.3,77,,,NORMAL,0.85,false,
2026-06-03,PLTR,WAIT,142.20,130.04,0.0855,60,50.2,60,,,NORMAL,0.85,false,
2026-06-03,AMD,WAIT,542.52,476.12,0.1224,60,77.8,61,,,NORMAL,0.85,false,
2026-06-03,INTC,WAIT,112.71,98.79,0.1235,60,56.3,49,,,NORMAL,0.85,false,
2026-06-03,SNDK,WAIT,1831.50,1584.06,0.1351,60,74.2,70,,,NORMAL,0.85,false,
2026-06-03,HUBS,WAIT,222.45,185.34,0.1668,60,51.8,62,,,NORMAL,0.85,false,
2026-06-03,CRWD,WAIT,747.61,683.60,0.0856,60,76.3,-1,,,NORMAL,0.85,false,
2026-06-03,CSCO,WAIT,126.50,115.98,0.0831,60,77.4,69,,,NORMAL,0.85,false,
2026-06-03,IONQ,WAIT,68.23,57.86,0.1520,60,65.7,62,,,NORMAL,0.85,false,
2026-06-03,AMAT,WAIT,500.77,459.19,0.0830,60,73.9,70,,,NORMAL,0.85,false,
2026-06-03,ANET,WAIT,174.37,157.45,0.0970,60,66.4,61,,,NORMAL,0.85,false,
2026-06-03,FIX,WAIT,1850.04,1677.03,0.0935,60,51.4,49,,,NORMAL,0.85,false,
2026-06-03,RKLB,WAIT,114.70,88.92,0.2248,60,49.0,63,,,NORMAL,0.85,false,
2026-06-03,ASTS,WAIT,107.73,86.75,0.1947,60,55.5,67,,,NORMAL,0.85,false,
2026-06-03,IRDM,WAIT,48.97,44.78,0.0856,60,62.6,49,,,NORMAL,0.85,false,
2026-06-03,SATS,WAIT,120.92,104.28,0.1377,60,43.2,56,,,NORMAL,0.85,false,
2026-06-03,NOK,WAIT,16.72,14.64,0.1244,60,68.3,49,,,NORMAL,0.85,false,
2026-06-03,GLW,WAIT,200.77,173.78,0.1344,60,59.8,61,,,NORMAL,0.85,false,
2026-06-03,MSA,WAIT,164.59,159.15,0.0331,60,42.7,60,,,NORMAL,0.85,false,
2026-06-03,DELL,WAIT,421.25,341.51,0.1893,60,76.3,84,,,MOMENTUM,0.85,false,
2026-06-03,ETN,WAIT,421.21,393.96,0.0647,60,60.0,61,,,NORMAL,0.85,false,
2026-06-03,AMKR,WAIT,75.20,66.97,0.1094,60,59.3,53,,,NORMAL,0.85,false,
2026-06-03,ICHR,WAIT,72.45,64.43,0.1106,60,55.5,60,,,NORMAL,0.85,false,
2026-06-03,IBM,WAIT,305.63,267.60,0.1244,60,69.8,48,,,NORMAL,0.85,false,
2026-06-03,MRVL,WAIT,301.65,256.99,0.1480,60,86.9,84,,,MOMENTUM,0.85,false,
2026-06-04,NVDA,WAIT,218.66,205.47,0.0603,60,54.2,82,,,NORMAL,0.85,false,
2026-06-04,MSFT,WAIT,428.05,404.06,0.0560,60,52.9,54,,,NORMAL,0.85,false,
2026-06-04,GOOGL,WAIT,372.19,353.23,0.0509,60,48.6,47,,,NORMAL,0.85,false,
2026-06-04,META,WAIT,627.57,603.56,0.0383,60,53.1,54,,,NORMAL,0.85,false,
2026-06-04,AMZN,WAIT,253.79,242.01,0.0464,60,43.5,55,,,NORMAL,0.85,false,
2026-06-04,MA,WAIT,481.76,464.82,0.0352,60,41.3,55,,,NORMAL,0.85,false,
2026-06-04,WM,BUY,219.01,212.65,0.0290,60,49.6,52,,,NORMAL,0.85,false,
2026-06-04,MU,WAIT,996.00,824.81,0.1719,60,69.7,19,,,NORMAL,0.85,false,
2026-06-04,ASML,WAIT,1515.06,1395.08,0.0792,60,70.1,40,,,NORMAL,0.85,false,
2026-06-04,AVGO,WAIT,418.91,359.46,0.1419,60,48.1,90,,,NORMAL,0.85,false,
2026-06-04,CTAS,BUY,179.96,174.28,0.0315,60,63.7,41,,,NORMAL,0.85,false,
2026-06-04,VST,WAIT,153.70,142.23,0.0746,60,49.8,62,,,NORMAL,0.85,false,
2026-06-04,CEG,WAIT,264.59,235.14,0.1113,60,39.8,62,,,BREAKDOWN,0.75,false,
2026-06-04,LDO.MI,WAIT,54.02,51.43,0.0481,60,59.6,,,,NORMAL,0.85,false,
2026-06-04,TSLA,WAIT,418.45,388.36,0.0719,60,51.0,47,,,NORMAL,0.85,false,
2026-06-04,ADP,WAIT,231.31,217.98,0.0576,60,63.6,54,,,NORMAL,0.85,false,
2026-06-04,LLY,WAIT,1125.38,1051.78,0.0654,60,67.7,61,,,NORMAL,0.85,false,
2026-06-04,LIN,BUY,507.45,492.54,0.0294,60,52.8,63,,,NORMAL,0.85,false,
2026-06-04,WMT,WAIT,117.74,109.25,0.0721,60,38.5,76,,,NORMAL,0.85,false,
2026-06-04,PLTR,WAIT,141.70,129.68,0.0849,60,49.8,59,,,NORMAL,0.85,false,
2026-06-04,AMD,WAIT,523.20,469.47,0.1027,60,70.6,60,,,NORMAL,0.85,false,
2026-06-04,INTC,WAIT,111.78,99.90,0.1063,60,55.3,48,,,NORMAL,0.85,false,
2026-06-04,SNDK,WAIT,1759.68,1521.45,0.1354,60,68.2,69,,,NORMAL,0.85,false,
2026-06-04,HUBS,WAIT,220.37,183.61,0.1668,60,51.1,61,,,NORMAL,0.85,false,
2026-06-04,CRWD,WAIT,719.09,653.60,0.0911,60,68.8,88,,,NORMAL,0.85,false,
2026-06-04,CSCO,WAIT,130.00,118.91,0.0853,60,79.7,68,,,NORMAL,0.85,false,
2026-06-04,IONQ,WAIT,65.66,55.91,0.1485,60,61.3,61,,,NORMAL,0.85,false,
2026-06-04,AMAT,WAIT,501.70,460.98,0.0812,60,74.0,69,,,NORMAL,0.85,false,
2026-06-04,ANET,WAIT,166.01,152.12,0.0837,60,57.8,60,,,NORMAL,0.85,false,
2026-06-04,FIX,WAIT,1915.80,1731.84,0.0960,60,56.8,48,,,NORMAL,0.85,false,
2026-06-04,RKLB,WAIT,119.95,99.53,0.1702,60,51.9,62,,,NORMAL,0.85,false,
2026-06-04,ASTS,WAIT,107.29,86.37,0.1950,60,55.3,66,,,NORMAL,0.85,false,
2026-06-04,IRDM,WAIT,52.07,46.44,0.1081,60,68.3,48,,,NORMAL,0.85,false,
2026-06-04,SATS,WAIT,124.64,112.42,0.0981,60,47.7,55,,,NORMAL,0.85,false,
2026-06-04,NOK,WAIT,16.62,14.52,0.1261,60,67.3,48,,,NORMAL,0.85,false,
2026-06-04,GLW,WAIT,197.93,173.61,0.1229,60,57.9,60,,,NORMAL,0.85,false,
2026-06-04,MSA,WAIT,161.51,156.18,0.0330,60,38.5,59,,,NORMAL,0.85,false,
2026-06-04,DELL,WAIT,421.90,345.10,0.1820,60,76.4,83,,,MOMENTUM,0.80,false,
2026-06-04,ETN,WAIT,418.61,391.35,0.0651,60,58.5,60,,,NORMAL,0.85,false,
2026-06-04,AMKR,WAIT,73.82,65.87,0.1078,60,56.5,52,,,NORMAL,0.85,false,
2026-06-04,ICHR,WAIT,71.06,63.69,0.1037,60,53.2,59,,,NORMAL,0.85,false,
2026-06-04,IBM,WAIT,301.77,265.64,0.1197,60,67.7,47,,,NORMAL,0.85,false,
2026-06-04,MRVL,WAIT,316.43,267.29,0.1553,60,88.1,83,,,MOMENTUM,0.85,false,
2026-06-05,NVDA,WAIT,205.11,183.95,0.1032,60,43.8,81,,,NORMAL,0.85,false,
2026-06-05,MSFT,WAIT,416.67,392.63,0.0577,60,47.5,53,,,NORMAL,0.85,false,
2026-06-05,GOOGL,WAIT,368.53,350.31,0.0494,60,46.4,46,,,NORMAL,0.85,false,
2026-06-05,META,WAIT,593.00,553.79,0.0661,60,41.6,53,,,NORMAL,0.85,false,
2026-06-05,AMZN,WAIT,246.03,225.85,0.0820,60,37.8,54,,,NORMAL,0.85,false,
2026-06-05,MA,WAIT,491.08,473.77,0.0352,60,47.9,54,,,NORMAL,0.85,false,
2026-06-05,WM,BUY,220.40,213.80,0.0300,60,52.1,51,,,NORMAL,0.85,false,
2026-06-05,MU,WAIT,864.01,700.24,0.1895,60,55.2,18,,,NORMAL,0.85,false,
2026-06-05,ASML,WAIT,1415.29,1287.65,0.0902,60,55.9,39,,,NORMAL,0.85,false,
2026-06-05,AVGO,WAIT,385.74,327.29,0.1515,60,39.9,89,,,NORMAL,0.85,false,
2026-06-05,CTAS,BUY,179.85,175.14,0.0262,60,63.5,40,,,NORMAL,0.85,false,
2026-06-05,VST,WAIT,148.76,137.66,0.0746,60,45.1,61,,,NORMAL,0.85,false,
2026-06-05,CEG,WAIT,254.83,227.40,0.1076,60,36.3,61,,,BREAKDOWN,0.75,false,
2026-06-05,LDO.MI,WAIT,54.02,51.47,0.0472,60,59.6,,,,NORMAL,0.85,false,
2026-06-05,TSLA,WAIT,391.00,345.30,0.1169,60,40.4,46,,,NORMAL,0.85,false,
2026-06-05,ADP,WAIT,231.95,219.29,0.0546,60,64.1,53,,,NORMAL,0.85,false,
2026-06-05,LLY,WAIT,1131.42,1073.52,0.0512,60,68.4,60,,,NORMAL,0.85,false,
2026-06-05,LIN,BUY,507.90,493.70,0.0280,60,53.1,62,,,NORMAL,0.85,false,
2026-06-05,WMT,WAIT,118.88,113.39,0.0461,60,41.3,75,,,NORMAL,0.85,false,
2026-06-05,PLTR,WAIT,135.53,122.79,0.0940,60,44.8,58,,,NORMAL,0.85,false,
2026-06-05,AMD,WAIT,466.38,401.86,0.1383,60,54.5,59,,,NORMAL,0.85,false,
2026-06-05,INTC,WAIT,99.17,73.43,0.2596,60,43.7,47,,,NORMAL,0.85,false,
2026-06-05,SNDK,WAIT,1558.18,1310.65,0.1589,60,54.9,68,,,NORMAL,0.85,false,
2026-06-05,HUBS,WAIT,212.64,178.06,0.1626,60,48.5,60,,,NORMAL,0.85,false,
2026-06-05,CRWD,WAIT,671.02,601.48,0.1036,60,58.3,87,,,NORMAL,0.85,false,
2026-06-05,CSCO,WAIT,121.64,108.66,0.1067,60,63.0,67,,,NORMAL,0.85,false,
2026-06-05,IONQ,WAIT,56.78,44.33,0.2193,60,48.9,60,,,NORMAL,0.85,false,
2026-06-05,AMAT,WAIT,453.01,410.24,0.0944,60,53.9,68,,,NORMAL,0.85,false,
2026-06-05,ANET,WAIT,154.27,141.27,0.0843,60,48.3,59,,,NORMAL,0.85,false,
2026-06-05,FIX,WAIT,1843.94,1676.15,0.0910,60,50.2,47,,,NORMAL,0.85,false,
2026-06-05,RKLB,WAIT,110.08,85.79,0.2206,60,46.6,61,,,NORMAL,0.85,false,
2026-06-05,ASTS,WAIT,93.60,74.53,0.2037,60,47.9,65,,,NORMAL,0.85,false,
2026-06-05,IRDM,WAIT,47.36,41.12,0.1318,60,54.7,47,,,NORMAL,0.85,false,
2026-06-05,SATS,WAIT,116.27,99.63,0.1431,60,40.1,54,,,NORMAL,0.85,false,
2026-06-05,NOK,WAIT,14.38,11.60,0.1931,60,50.8,47,,,NORMAL,0.85,false,
2026-06-05,GLW,WAIT,177.58,145.51,0.1806,60,46.9,59,,,NORMAL,0.85,false,
2026-06-05,MSA,WAIT,161.30,156.57,0.0294,60,38.2,58,,,NORMAL,0.85,false,
2026-06-05,DELL,WAIT,394.35,320.97,0.1861,60,68.1,89,,,NORMAL,0.85,false,
2026-06-05,ETN,WAIT,395.94,369.08,0.0678,60,47.1,59,,,NORMAL,0.85,false,
2026-06-05,AMKR,WAIT,64.95,53.68,0.1736,60,42.9,51,,,BREAKDOWN,0.75,false,
2026-06-05,ICHR,WAIT,62.91,52.05,0.1726,60,42.2,58,,,BREAKDOWN,0.75,false,
2026-06-05,IBM,WAIT,284.84,248.66,0.1270,60,59.1,46,,,NORMAL,0.85,false,
2026-06-08,NVDA,WAIT,208.64,195.44,0.0633,60,46.7,78,,,NORMAL,0.85,false,
2026-06-08,MSFT,WAIT,411.74,389.69,0.0535,60,45.3,50,,,NORMAL,0.85,false,
2026-06-08,GOOGL,WAIT,363.31,335.81,0.0757,60,43.4,43,,,NORMAL,0.85,false,
2026-06-08,META,WAIT,585.39,553.05,0.0552,60,39.5,50,,,NORMAL,0.85,false,
2026-06-08,AMZN,WAIT,245.22,228.16,0.0696,60,37.3,51,,,NORMAL,0.85,false,
2026-06-08,MA,WAIT,485.67,470.30,0.0316,60,44.7,51,,,NORMAL,0.85,false,
2026-06-08,WM,BUY,216.14,209.32,0.0316,60,44.8,48,,,NORMAL,0.85,false,
2026-06-08,MU,WAIT,949.28,784.97,0.1731,60,60.8,15,,,NORMAL,0.85,false,
2026-06-08,ASML,WAIT,1520.90,1385.65,0.0889,60,63.3,36,,,NORMAL,0.85,false,
2026-06-08,AVGO,WAIT,396.60,346.26,0.1269,60,43.3,86,,,NORMAL,0.85,false,
2026-06-08,CTAS,WAIT,173.65,165.94,0.0444,60,50.7,37,,,NORMAL,0.85,false,
2026-06-08,VST,WAIT,146.90,136.13,0.0733,60,43.5,58,,,NORMAL,0.85,false,
2026-06-08,CEG,WAIT,250.67,222.58,0.1121,60,34.8,58,,,BREAKDOWN,0.75,false,
2026-06-08,LDO.MI,WAIT,54.02,51.77,0.0417,60,54.2,,,,NORMAL,0.85,false,
2026-06-08,TSLA,WAIT,408.95,377.38,0.0772,60,48.0,43,,,NORMAL,0.85,false,
2026-06-08,INOD,WAIT,102.79,83.58,0.1869,60,57.9,51,,,NORMAL,0.85,false,
2026-06-08,ADP,WAIT,229.07,216.45,0.0551,60,60.2,50,,,NORMAL,0.85,false,
2026-06-08,LLY,WAIT,1149.15,1100.46,0.0424,60,70.4,57,,,NORMAL,0.85,false,
2026-06-08,LIN,BUY,501.92,487.88,0.0280,60,47.9,59,,,NORMAL,0.85,false,
2026-06-08,WMT,WAIT,119.83,114.45,0.0449,60,43.6,72,,,NORMAL,0.85,false,
2026-06-08,PLTR,WAIT,136.47,123.61,0.0943,60,45.7,55,,,NORMAL,0.85,false,
2026-06-08,AMD,WAIT,490.33,435.06,0.1127,60,58.8,56,,,NORMAL,0.85,false,
2026-06-08,INTC,WAIT,110.27,90.29,0.1812,60,53.0,44,,,NORMAL,0.85,false,
2026-06-08,SNDK,WAIT,1642.00,1433.14,0.1272,60,58.5,65,,,NORMAL,0.85,false,
2026-06-08,FWRD,WAIT,11.50,9.66,0.1603,60,47.1,62,,,NORMAL,0.85,false,
2026-06-08,HUBS,WAIT,208.12,178.76,0.1411,60,46.9,57,,,NORMAL,0.85,false,
2026-06-08,CRWD,WAIT,658.79,603.85,0.0834,60,56.0,84,,,NORMAL,0.85,false,
2026-06-08,CSCO,WAIT,124.15,113.86,0.0829,60,65.4,64,,,NORMAL,0.85,false,
2026-06-08,IONQ,WAIT,62.80,51.57,0.1788,60,55.5,57,,,NORMAL,0.85,false,
2026-06-08,AMAT,WAIT,492.17,442.99,0.0999,60,62.7,65,,,NORMAL,0.85,false,
2026-06-08,ANET,WAIT,156.40,142.37,0.0897,60,49.9,56,,,NORMAL,0.85,false,
2026-06-08,FIX,WAIT,1852.03,1682.59,0.0915,60,50.9,44,,,NORMAL,0.85,false,
2026-06-08,RKLB,WAIT,113.65,90.78,0.2012,60,48.6,58,,,NORMAL,0.85,false,
2026-06-08,ASTS,WAIT,92.06,70.07,0.2389,60,47.2,62,,,NORMAL,0.85,false,
2026-06-08,IRDM,WAIT,47.48,43.56,0.0824,60,55.0,44,,,NORMAL,0.85,false,
2026-06-08,SATS,WAIT,116.62,102.04,0.1250,60,40.5,51,,,NORMAL,0.85,false,
2026-06-08,NOK,WAIT,14.59,12.61,0.1356,60,52.0,44,,,NORMAL,0.85,false,
2026-06-08,GLW,WAIT,187.54,160.56,0.1438,60,51.8,56,,,NORMAL,0.85,false,
2026-06-08,MSA,WAIT,158.94,149.68,0.0583,60,35.2,55,,,NORMAL,0.85,false,
2026-06-08,DELL,WAIT,400.52,329.56,0.1772,60,68.9,86,,,NORMAL,0.85,false,
2026-06-08,ETN,WAIT,403.14,375.52,0.0685,60,50.4,56,,,NORMAL,0.85,false,
2026-06-08,AMKR,WAIT,68.29,60.14,0.1193,60,48.0,48,,,NORMAL,0.85,false,
2026-06-08,ICHR,WAIT,66.75,54.99,0.1762,60,47.7,55,,,NORMAL,0.85,false,
2026-06-08,IBM,WAIT,280.82,247.41,0.1190,60,57.2,43,,,NORMAL,0.85,false,
2026-06-08,MRVL,WAIT,288.85,236.35,0.1818,60,69.2,79,,,NORMAL,0.85,false,
